|Urut Nasional|Urut Provinsi|NPSN|Kota/Kab.|Sekolah|Provinsi|Rerata|Tertinggi|Terendah|Std. Deviasi|Jenis
0|1|1|20109933|Kota Jakarta Timur|SMAN UNGGULAN M.H. THAMRIN|DKI Jakarta|601.683|653.223|516.063|286.2|SMA
1|2|1|20623314|Kota Tangerang Selatan|MAN INSAN CENDEKIA SERPONG|Banten|599.654|661.865|509.688|333.7|MA
2|3|1|10263538|Kab. Toba Samosir|SMAS UNGGUL DEL|Sumatera Utara|598.523|654.295|492.703|288.9|SMA
3|4|2|20102568|Kota Jakarta Selatan|SMAN 8 JAKARTA|DKI Jakarta|594.865|653.18|461.575|310.2|SMA
4|5|1|20532248|Kota Surabaya|SMAN 5 SURABAYA|Jawa Timur|594.605|675.373|476.443|319.1|SMA
5|6|3|20101306|Kota Jakarta Barat|SMAS 1 KRISTEN BPK PENABUR|DKI Jakarta|594.437|653.618|485.935|328.5|SMA
6|7|1|20219730|Kota Bandung|SMAS BPK 1 PENABUR BANDUNG|Jawa Barat|592.52|654.745|498.65|317.5|SMA
7|8|4|20104413|Kota Jakarta Barat|SMAS DIAN HARAPAN|DKI Jakarta|589.811|649.075|499.89|397.9|SMA
8|9|1|20403174|Kota Yogyakarta|SMAN 1 YOGYAKARTA|DI Yogyakarta|588.002|662.698|429.603|342.5|SMA
9|10|2|20532145|Kota Surabaya|SMA KATOLIK ST.LOUIS 1|Jawa Timur|587.81|651.863|511.763|317.3|SMA
10|11|1|30315142|Kab. Banjar|SMAN BANUA KAL SEL|Kalimantan Selatan|586.834|639.368|492.293|314.2|SMA
11|12|2|20403178|Kota Yogyakarta|SMAN 3 YOGYAKARTA|DI Yogyakarta|585.96|670.06|488.673|340.8|SMA
12|13|5|20107319|Kota Jakarta Selatan|SMAN 28 JAKARTA|DKI Jakarta|585.437|660.613|500.708|301.1|SMA
13|14|6|20103301|Kota Jakarta Timur|SMAN 81 JAKARTA|DKI Jakarta|585.048|656.79|460.648|350.6|SMA
14|15|3|20532136|Kota Surabaya|SMAS KRISTEN PETRA 2 SURABAYA|Jawa Timur|584.729|654.373|506.908|330.6|SMA
15|16|7|20100170|Kota Jakarta Pusat|SMAS KANISIUS JAKARTA|DKI Jakarta|584.684|647.395|506.95|328.8|SMA
16|17|2|20613520|Kota Tangerang Selatan|SMAS SANTA LAURENSIA|Banten|584.01|640.62|538.883|299.6|SMA
17|18|3|20403161|Kota Yogyakarta|SMAN 8 YOGYAKARTA|DI Yogyakarta|583.676|658.238|475.623|335.9|SMA
18|19|2|20219731|Kota Bandung|SMAS BINA BHAKTI 1|Jawa Barat|582.568|637.85|440.128|459.8|SMA
19|20|8|20110335|Kota Jakarta Utara|SMAS KRISTEN 6 PENABUR|DKI Jakarta|582.07|638.375|528.033|299.9|SMA
20|21|9|20100187|Kota Jakarta Pusat|SMAS KRISTEN 3 PENABUR JAKARTA|DKI Jakarta|581.589|646.3|520.143|308.4|SMA
21|22|10|20100601|Kota Jakarta Utara|SMAS KRISTEN 5 BPK PENABUR|DKI Jakarta|581.585|653.205|501.073|332.7|SMA
22|23|3|20219263|Kota Bandung|SMAS ALLOYSIUS 1|Jawa Barat|581.123|646.988|481.745|361.8|SMA
23|24|3|20603357|Kab. Tangerang|SMAS KRISTEN BPK PENABUR GADING SERPONG|Banten|580.709|641.455|448.723|330.5|SMA
24|25|11|20108383|Kota Jakarta Pusat|SMAS SANTA URSULA|DKI Jakarta|580.44|635.835|503.538|335.7|SMA
25|26|12|20109467|Kota Jakarta Barat|SMAS KRISTEN IPEKA PURI INDAH|DKI Jakarta|580.165|635.518|511.888|361.8|SMA
26|27|4|20603376|Kota Tangerang Selatan|SMAS SANTA URSULA BSD|Banten|579.837|660.42|486.9|337.3|SMA
27|28|13|20107313|Kota Jakarta Selatan|SMA LABSCHOOL KEBAYORAN|DKI Jakarta|579.|654.923|468.173|379.6|SMA
28|29|14|20102214|Kota Jakarta Selatan|SMAN 34 JAKARTA|DKI Jakarta|577.815|647.62|484.975|341.1|SMA
29|30|5|20616061|Kab. Tangerang|SMAS PAHOA|Banten|577.767|652.275|362.283|556.|SMA
30|31|4|20403177|Kota Yogyakarta|SMAN 2 YOGYAKARTA|DI Yogyakarta|577.078|653.543|488.73|317.|SMA
31|32|6|20616291|Kota Tangerang Selatan|SMAS ATHALIA|Banten|576.357|643.128|498.613|420.4|SMA
32|33|1|20328915|Kota Semarang|SMAS KOLESE LOYOLA|Jawa Tengah|576.114|655.025|498.55|315.|SMA
33|34|2|20328895|Kota Semarang|SMA NEGERI 03|Jawa Tengah|575.833|654.203|398.56|369.7|SMA
34|35|3|20327966|Kota Surakarta|SMAN 1 SURAKARTA|Jawa Tengah|575.671|651.775|490.413|331.7|SMA
35|36|1|60728785|Kab. Bone Bolango|MAN Insan Cendekia Gorontalo|Gorontalo|575.538|645.675|444.895|350.2|MA
36|37|4|69895400|Kota Bandung|SMA BPK PENABUR HOLIS|Jawa Barat|575.228|623.703|487.223|352.|SMA
37|38|7|69787002|Kota Tangerang|SMAK PENABUR KOTA TANGERANG|Banten|575.117|649.7|444.39|404.|SMA
38|39|5|20220342|Kota Bogor|SMAN 1 BOGOR|Jawa Barat|574.94|681.885|436.513|400.1|SMA
39|40|4|20533665|Kota Malang|SMAN 3|Jawa Timur|574.806|656.79|447.24|377.4|SMA
40|41|5|20403171|Kota Yogyakarta|SMAN 6 YOGYAKARTA|DI Yogyakarta|574.582|642.273|458.115|334.9|SMA
41|42|5|20533654|Kota Malang|SMAS K KOLESE ST YUSUP|Jawa Timur|574.527|650.7|432.91|398.2|SMA
42|43|15|20101622|Kota Jakarta Barat|SMAN 2 JAKARTA|DKI Jakarta|574.511|664.248|496.863|33.|SMA
43|44|16|20100199|Kota Jakarta Pusat|SMAN 68 JAKARTA|DKI Jakarta|573.89|641.048|442.178|347.5|SMA
44|45|4|69941723|Kab. Pekalongan|MAN INSAN CENDEKIA PEKALONGAN|Jawa Tengah|573.763|641.908|473.25|346.4|MA
45|46|17|20101588|Kota Jakarta Barat|SMAN 78 JAKARTA|DKI Jakarta|572.779|647.73|444.698|408.|SMA
46|47|6|20400405|Kab. Bantul|SMA NEGERI 1 BANTUL|DI Yogyakarta|572.747|646.158|484.05|323.8|SMA
47|48|18|20107383|Kota Jakarta Utara|SMAS KRISTEN IPEKA SUNTER|DKI Jakarta|572.583|645.29|499.42|372.7|SMA
48|49|6|20219327|Kota Bandung|SMAN 3 BANDUNG|Jawa Barat|572.43|652.558|442.395|398.5|SMA
49|50|19|20101305|Kota Jakarta Barat|SMAS 4 KRISTEN PENABUR|DKI Jakarta|572.404|630.775|452.77|334.8|SMA
50|51|7|20403162|Kota Yogyakarta|SMAN 9 YOGYAKARTA|DI Yogyakarta|572.032|638.053|479.125|302.|SMA
51|52|6|20532230|Kota Surabaya|SMAN 2 SURABAYA|Jawa Timur|571.169|661.545|440.665|337.1|SMA
52|53|7|20219266|Kota Bandung|SMAS ST ANGELA|Jawa Barat|571.101|650.665|482.46|375.|SMA
53|54|20|20103307|Kota Jakarta Timur|SMAN 61 JAKARTA|DKI Jakarta|571.055|640.77|495.153|327.4|SMA
54|55|21|20103314|Kota Jakarta Timur|SMAN 48 JAKARTA|DKI Jakarta|570.644|649.258|469.795|329.|SMA
55|56|2|10210848|Kota Medan|SMAS SUTOMO 1|Sumatera Utara|570.339|653.08|458.25|383.1|SMA
56|57|8|20253810|Kab. Bekasi|SMAS DON BOSCO III|Jawa Barat|569.568|655.768|471.948|459.2|SMA
57|58|7|20533660|Kota Malang|SMAN 1|Jawa Timur|569.392|652.298|433.745|363.1|SMA
58|59|1|11002581|Kota Batam|SMAS MAITREYAWIRA|Kepulauan Riau|569.272|631.865|462.405|402.6|SMA
59|60|22|20107299|Kota Jakarta Selatan|SMAS GONZAGA JAKARTA|DKI Jakarta|569.183|647.69|476.05|334.4|SMA
60|61|8|20580050|Kota Malang|MAN 2 KOTA MALANG|Jawa Timur|569.116|653.183|463.013|398.|MA
61|62|9|20523844|Kab. Jember|SMAN 1 JEMBER|Jawa Timur|568.997|657.398|447.745|354.9|SMA
62|63|8|20606507|Kab. Tangerang|SMAS UPH COLEGE|Banten|568.948|639.613|443.908|384.3|SMA
63|64|8|20403180|Kota Yogyakarta|SMAN 5 YOGYAKARTA|DI Yogyakarta|568.833|657.99|481.54|317.2|SMA
64|65|23|20100603|Kota Jakarta Utara|SMAS KRISTEN YUSUF|DKI Jakarta|568.783|624.578|497.348|314.2|SMA
65|66|9|20219728|Kota Bandung|SMAS BPK 2 PENABUR|Jawa Barat|568.477|662.103|479.185|336.1|SMA
66|67|9|20606853|Kota Tangerang|SMAN 1 TANGERANG|Banten|568.445|663.408|435.513|393.3|SMA
67|68|24|20104424|Kota Jakarta Barat|SMAS KRISTEN IPEKA TOMANG|DKI Jakarta|568.185|648.145|473.19|500.3|SMA
68|69|10|20501706|Kab. Sidoarjo|SMAN 1 SIDOARJO|Jawa Timur|568.181|658.918|443.898|390.7|SMA
69|70|25|20102218|Kota Jakarta Selatan|SMAN 26 JAKARTA|DKI Jakarta|568.055|643.668|459.855|351.1|SMA
70|71|10|20223020|Kota Bekasi|SMAN 1 BEKASI|Jawa Barat|567.88|649.868|407.148|432.7|SMA
71|72|10|20614920|Kota Tangerang Selatan|SMA BINA NUSANTARA SERPONG|Banten|567.455|632.378|512.265|329.4|SMA
72|73|1|10303611|Kota Padang Panjang|SMAN 1 PADANG PANJANG|Sumatera Barat|567.442|628.16|470.515|301.7|SMA
73|74|1|60724799|Kota Pekanbaru|SMAS DARMA YUDHA|Riau|567.388|642.878|483.663|465.6|SMA
74|75|5|20306202|Kab. Purworejo|SMAN 1 PURWOREJO|Jawa Tengah|567.344|655.28|463.9|343.|SMA
75|76|2|10310903|Kota Padang Panjang|SMAN 1 SUMATERA BARAT|Sumatera Barat|567.324|639.74|441.058|429.2|SMA
76|77|6|20309676|Kab. Klaten|SMAN 1 KLATEN|Jawa Tengah|567.303|657.055|458.18|329.8|SMA
77|78|26|20107304|Kota Jakarta Selatan|SMAS ISLAM AL-AZHAR 1 JAKARTA|DKI Jakarta|566.849|644.418|454.588|401.|SMA
78|79|27|20103228|Kota Jakarta Timur|SMAS KRISTEN 7 BPK PENABUR JAKARTA|DKI Jakarta|566.385|635.478|475.253|375.8|SMA
79|80|11|20223819|Kota Depok|SMAN 1 KOTA DEPOK|Jawa Barat|566.208|659.1|441.123|467.6|SMA
80|81|7|20305010|Kab. Kebumen|SMAN 1 KEBUMEN|Jawa Tengah|565.842|659.738|455.383|356.5|SMA
81|82|11|20500479|Kab. Gresik|SMAN 1 GRESIK|Jawa Timur|565.837|671.2|434.45|379.3|SMA
82|83|12|69873999|Kab. Bogor|SMA KRISTEN PENABUR KOTA WISATA|Jawa Barat|565.803|635.585|449.665|406.3|SMA
83|84|13|20219279|Kota Bandung|SMAS TRINITAS BANDUNG|Jawa Barat|565.798|619.14|477.695|320.9|SMA
84|85|8|20327563|Kota Magelang|SMAN 1 MAGELANG|Jawa Tengah|565.676|648.583|452.288|371.3|SMA
85|86|12|20532135|Kota Surabaya|SMAS KRISTEN PETRA 1|Jawa Timur|565.585|640.248|472.598|431.5|SMA
86|87|28|20103284|Kota Jakarta Timur|SMAN 14 JAKARTA|DKI Jakarta|565.317|662.005|456.63|371.3|SMA
87|88|29|20100799|Kota Jakarta Utara|SMAS SANTO YAKOBUS JAKARTA|DKI Jakarta|565.228|639.67|482.018|384.4|SMA
88|89|30|20101589|Kota Jakarta Barat|SMAN 65 JAKARTA|DKI Jakarta|564.86|653.158|476.03|319.1|SMA
89|90|14|20220343|Kota Bogor|SMAS REGINA PACIS|Jawa Barat|564.821|650.878|469.378|368.5|SMA
90|91|31|20102193|Kota Jakarta Selatan|SMAN 47 JAKARTA|DKI Jakarta|564.735|651.615|468.433|414.5|SMA
91|92|9|20402126|Kab. Gunung Kidul|SMAN 1 WONOSARI|DI Yogyakarta|564.457|664.065|478.393|330.5|SMA
92|93|9|20328867|Kota Semarang|SMA NEGERI 01|Jawa Tengah|564.32|644.303|463.573|368.6|SMA
93|94|10|20328447|Kota Salatiga|SMAN 1 SALATIGA|Jawa Tengah|563.852|654.025|461.338|353.7|SMA
94|95|15|20252198|Kab. Bandung|SMA TALENTA|Jawa Barat|563.837|640.425|498.82|358.9|SMA
95|96|13|20532237|Kota Surabaya|SMAN 15 SURABAYA|Jawa Timur|563.729|640.09|445.338|351.2|SMA
96|97|32|20103283|Kota Jakarta Timur|SMAN 21 JAKARTA|DKI Jakarta|563.109|652.515|468.29|353.|SMA
97|98|33|20102570|Kota Jakarta Selatan|SMAN 70 JAKARTA|DKI Jakarta|563.087|651.76|432.643|360.7|SMA
98|99|11|20613524|Kab. Tangerang|SMAS TARAKANITA GADING SERPONG|Banten|563.002|663.053|451.093|467.2|SMA
99|100|11|20321438|Kab. Temanggung|SMA NEGERI 1 TEMANGGUNG|Jawa Tengah|562.953|645.935|431.17|339.1|SMA
0|101|14|20504500|Kab. Bojonegoro|SMAN 1 BOJONEGORO|Jawa Timur|562.854|660.085|459.82|342.4|SMA
1|102|12|20308449|Kab. Boyolali|SMAN 1 BOYOLALI|Jawa Tengah|562.809|649.78|467.53|321.2|SMA
2|103|10|20400381|Kab. Bantul|SMA NEGERI 2 BANTUL|DI Yogyakarta|562.761|637.07|441.598|322.9|SMA
3|104|13|20327968|Kota Surakarta|SMAN 3 SURAKARTA|Jawa Tengah|562.506|645.483|458.27|342.9|SMA
4|105|16|20220332|Kota Bogor|SMAN 3 BOGOR|Jawa Barat|562.431|656.61|440.443|452.3|SMA
5|106|34|20112503|Kota Jakarta Pusat|SMAS K CALVIN|DKI Jakarta|562.359|616.565|505.793|308.7|SMA
6|107|11|20401145|Kab. Sleman|SMAN 1 KALASAN|DI Yogyakarta|562.218|640.578|476.618|316.1|SMA
7|108|3|10259371|Kota Medan|SMAS METHODIST 3 MEDAN|Sumatera Utara|562.217|653.503|463.61|448.4|SMA
8|109|15|20534124|Kota Madiun|SMAN 2 MADIUN|Jawa Timur|562.183|656.505|453.295|391.2|SMA
9|110|14|20307712|Kab. Magelang|SMAN 1 MUNTILAN|Jawa Tengah|561.635|650.77|445.238|307.9|SMA
10|111|12|20607805|Kab. Pandeglang|SMAN CMBBS|Banten|561.133|652.38|444.515|441.8|SMA
11|112|17|69986554|Kab. Bekasi|SMA KRISTEN PENABUR KOTA JABABEKA|Jawa Barat|560.911|662.763|480.158|479.6|SMA
12|113|35|20101332|Kota Jakarta Barat|SMAS BUNDA HATI KUDUS|DKI Jakarta|560.881|641.13|474.968|464.9|SMA
13|114|36|20100806|Kota Jakarta Utara|SMAN 13 JAKARTA|DKI Jakarta|560.701|655.478|458.44|335.4|SMA
14|115|13|20613477|Kota Tangerang Selatan|SMAN 2 KOTA TANGERANG SELATAN|Banten|560.653|646.883|408.78|429.2|SMA
15|116|1|10100170|Kab. Aceh Besar|SMA NEGERI MODAL BANGSA|Aceh|560.577|650.523|434.885|412.6|SMA
16|117|18|20247147|Kab. Sukabumi|SMAS PESANTREN UNGGUL AL BAYAN|Jawa Barat|560.563|638.003|473.783|347.|SMA
17|118|15|20329517|Kota Pekalongan|SMA Negeri 1 Pekalongan|Jawa Tengah|560.374|649.588|454.143|390.1|SMA
18|119|14|20615025|Kota Tangerang Selatan|SMAS PENABUR BINTARO|Banten|560.336|655.628|453.218|42.|SMA
19|120|16|20307644|Kab. Magelang|SMAS PANGUDI LUHUR VAN LITH|Jawa Tengah|560.084|644.373|472.008|379.3|SMA
20|121|16|20532131|Kota Surabaya|SMAS KATOLIK FRATERAN|Jawa Timur|559.81|641.34|440.473|477.7|SMA
21|122|37|20103296|Kota Jakarta Timur|SMAN 39 JAKARTA|DKI Jakarta|559.761|645.45|437.23|412.4|SMA
22|123|19|20222370|Kota Cirebon|SMA KRISTEN PENABUR CIREBON|Jawa Barat|559.515|652.195|455.208|516.8|SMA
23|124|12|20403170|Kota Yogyakarta|SMAN 7 YOGYAKARTA|DI Yogyakarta|559.444|634.395|453.358|312.7|SMA
24|125|13|20403176|Kota Yogyakarta|SMAN 11 YOGYAKARTA|DI Yogyakarta|558.943|634.45|455.79|327.8|SMA
25|126|17|20532260|Kota Surabaya|SMAN 6 SURABAYA|Jawa Timur|558.789|648.4|437.068|374.7|SMA
26|127|18|20532236|Kota Surabaya|SMAN 16 SURABAYA|Jawa Timur|558.709|635.298|421.46|361.7|SMA
27|128|17|20310417|Kab. Sukoharjo|SMAN 1 SUKOHARJO|Jawa Tengah|558.677|640.363|471.768|352.|SMA
28|129|20|20219326|Kota Bandung|SMAN 8 BANDUNG|Jawa Barat|558.553|662.048|409.045|469.3|SMA
29|130|38|20102592|Kota Jakarta Selatan|SMAN 49 JAKARTA|DKI Jakarta|558.552|652.77|472.508|322.9|SMA
30|131|21|20253599|Kota Bekasi|SMAS PENABUR|Jawa Barat|558.512|639.098|451.658|428.1|SMA
31|132|2|10404453|Kota Pekanbaru|SMAN PLUS PROP RIAU|Riau|558.172|625.848|450.275|407.9|SMA
32|133|19|20505009|Kab. Tuban|SMAN 1 TUBAN|Jawa Timur|558.029|654.888|426.805|386.8|SMA
33|134|20|20503414|Kab. Jombang|SMA NEGERI 2 JOMBANG|Jawa Timur|557.979|645.34|461.025|347.7|SMA
34|135|14|20402794|Kab. Kulon Progo|SMA NEGERI 1 WATES|DI Yogyakarta|557.896|639.915|463.888|329.1|SMA
35|136|18|20328896|Kota Semarang|SMA NEGERI 02|Jawa Tengah|557.888|650.133|464.108|320.1|SMA
36|137|3|10303461|Kota Padang|SMAN 1 PADANG|Sumatera Barat|557.793|640.753|447.488|397.6|SMA
37|138|22|20219262|Kota Bandung|SMAS ALLOYSIUS 2|Jawa Barat|557.758|632.815|493.09|378.7|SMA
38|139|3|69787182|Kab. Pelalawan|SMAS Mutiara Harapan|Riau|557.581|646.283|463.16|454.2|SMA
39|140|39|20103223|Kota Jakarta Timur|SMAS LABSCHOOL JAKARTA|DKI Jakarta|557.32|632.795|460.095|381.4|SMA
40|141|4|10303462|Kota Padang|SMAN 10 PADANG|Sumatera Barat|557.145|646.168|449.045|371.5|SMA
41|142|19|20327969|Kota Surakarta|SMAN 4 SURAKARTA|Jawa Tengah|557.128|654.04|443.423|354.5|SMA
42|143|20|20339021|Kab. Pati|SMA NEGERI 1 PATI|Jawa Tengah|557.049|641.023|446.335|358.2|SMA
43|144|15|20603377|Kota Tangerang Selatan|SMAS STELLA MARIS BSD|Banten|557.005|626.758|482.083|384.6|SMA
44|145|40|20102212|Kota Jakarta Selatan|SMAN 38 JAKARTA|DKI Jakarta|556.92|642.265|432.068|370.5|SMA
45|146|21|20328916|Kota Semarang|SMA KARANGTURI|Jawa Tengah|556.838|645.333|441.84|614.9|SMA
46|147|21|20532242|Kota Surabaya|SMAN 1 SURABAYA|Jawa Timur|556.822|638.313|441.87|354.6|SMA
47|148|22|69883214|Kab. Bojonegoro|SMA PLUS AR RAHMAT|Jawa Timur|556.666|641.738|488.595|399.3|SMA
48|149|1|50103124|Kota Denpasar|SMAN 4 DENPASAR|Bali|556.378|651.56|437.38|476.9|SMA
49|150|15|20401146|Kab. Sleman|SMAN 1 GODEAN|DI Yogyakarta|556.286|616.798|467.17|301.5|SMA
50|151|2|11002204|Kota Batam|SMAS KATOLIK YOS SUDARSO|Kepulauan Riau|556.109|626.438|477.558|380.8|SMA
51|152|41|20103256|Kota Jakarta Timur|SMAN 99 JAKARTA|DKI Jakarta|556.016|663.483|449.625|349.7|SMA
52|153|22|20302165|Kab. Banyumas|SMAN 2 PURWOKERTO|Jawa Tengah|555.946|650.855|444.093|348.8|SMA
53|154|23|20317494|Kab. Kudus|SMAN 1 KUDUS|Jawa Tengah|555.646|658.005|441.318|361.8|SMA
54|155|42|20103285|Kota Jakarta Timur|SMAN 12 JAKARTA|DKI Jakarta|555.493|646.853|436.77|363.8|SMA
55|156|5|69983368|Kab. Padang Pariaman|MAN INSAN CENDEKIA PADANG PARIAMAN|Sumatera Barat|555.457|614.77|441.983|374.9|MA
56|157|23|20534388|Kota Kediri|SMAN 2 KEDIRI|Jawa Timur|555.312|661.|440.143|392.2|SMA
57|158|43|20100201|Kota Jakarta Pusat|SMAN 77 JAKARTA|DKI Jakarta|555.254|648.113|451.753|363.8|SMA
58|159|44|20100198|Kota Jakarta Pusat|SMAS SANTA THERESIA JAKARTA|DKI Jakarta|555.181|625.683|448.983|375.7|SMA
59|160|4|10208520|Kab. Toba Samosir|SMAN 2 BALIGE|Sumatera Utara|555.143|650.86|439.283|399.8|SMA
60|161|1|69941607|Kab. Ogan Komering Ilir|MAN Insan Cendekia Oki|Sumatera Selatan|555.068|631.478|462.328|398.2|MA
61|162|16|20401161|Kab. Sleman|SMAN 1 DEPOK|DI Yogyakarta|554.776|656.353|474.023|335.7|SMA
62|163|45|20103303|Kota Jakarta Timur|SMAN 71 JAKARTA|DKI Jakarta|554.768|632.108|403.913|372.7|SMA
63|164|24|20328893|Kota Semarang|SMA NEGERI 05|Jawa Tengah|554.585|645.983|434.9|368.8|SMA
64|165|25|20302182|Kab. Banyumas|SMAN 1 PURWOKERTO|Jawa Tengah|554.285|665.403|403.438|389.9|SMA
65|166|23|20238524|Kota Bogor|SMK-SMAK BOGOR|Jawa Barat|554.109|638.585|453.08|365.9|SMK
66|167|5|10210836|Kota Medan|SMAS SUTOMO 2|Sumatera Utara|554.105|631.073|467.65|447.1|SMA
67|168|24|69870886|Kota Bekasi|SMA KRISTEN PENABUR SUMMARECON BEKASI|Jawa Barat|554.072|620.853|459.52|361.1|SMA
68|169|25|20223818|Kota Depok|SMAN 2 KOTA DEPOK|Jawa Barat|553.99|634.123|437.16|447.4|SMA
69|170|26|20312200|Kab. Karanganyar|SMAN 1 KARANGANYAR|Jawa Tengah|553.839|638.848|426.943|350.5|SMA
70|171|24|20533667|Kota Malang|SMAN 4|Jawa Timur|553.764|631.228|450.053|347.3|SMA
71|172|26|20219254|Kota Bandung|SMAN 2 BANDUNG|Jawa Barat|553.668|646.145|418.813|461.3|SMA
72|173|1|30105210|Kota Pontianak|SMAN 1 PONTIANAK|Kalimantan Barat|553.465|644.235|419.933|415.4|SMA
73|174|27|20328894|Kota Semarang|SMA NEGERI 04|Jawa Tengah|553.371|642.46|452.665|324.3|SMA
74|175|6|10211691|Kota Pematangsiantar|SMAS BUDI MULIA|Sumatera Utara|553.367|649.575|439.233|367.7|SMA
75|176|27|20223044|Kota Bekasi|SMAN 5 BEKASI|Jawa Barat|553.304|653.34|406.388|464.7|SMA
76|177|1|30401491|Kota Balikpapan|SMAN 1 BALIKPAPAN|Kalimantan Timur|553.297|641.24|415.458|430.6|SMA
77|178|25|20520820|Kab. Lumajang|SMAN 2 LUMAJANG|Jawa Timur|552.955|627.783|446.293|351.7|SMA
78|179|28|20200691|Kab. Bogor|SMAN 2 CIBINONG|Jawa Barat|552.257|646.905|441.833|383.4|SMA
79|180|28|20306171|Kab. Purworejo|SMAN 7 PURWOREJO|Jawa Tengah|552.206|628.793|478.545|318.7|SMA
80|181|29|20325299|Kab. Tegal|SMAN 1 SLAWI|Jawa Tengah|551.761|648.048|442.525|327.2|SMA
81|182|30|69760753|Kab. Klaten|SMAS IT IBNU ABBAS|Jawa Tengah|551.662|639.768|446.59|403.6|SMA
82|183|2|10504594|Kota Jambi|SMAS XAVERIUS 1|Jambi|551.45|658.893|437.073|513.7|SMA
83|184|29|20279931|Kab. Bandung Barat|SMAS AL-IRSYAD SATYA|Jawa Barat|551.448|653.553|463.065|457.7|SMA
84|185|17|20401124|Kab. Sleman|SMAN 1 SLEMAN|DI Yogyakarta|551.402|636.345|464.388|334.5|SMA
85|186|18|20403179|Kota Yogyakarta|SMAN 4 YOGYAKARTA|DI Yogyakarta|551.378|639.538|428.768|367.8|SMA
86|187|31|20303249|Kab. Purbalingga|SMAN 1 PURBALINGGA|Jawa Tengah|551.338|637.78|464.73|347.3|SMA
87|188|32|20320242|Kab. Semarang|SMA NEGERI 1 UNGARAN|Jawa Tengah|551.298|631.958|449.733|355.7|SMA
88|189|26|20535050|Kota Blitar|SMAN 1 BLITAR|Jawa Timur|551.117|644.525|426.34|427.7|SMA
89|190|33|20306807|Kab. Wonosobo|SMA NEGERI 1 WONOSOBO|Jawa Tengah|550.982|635.863|425.06|343.2|SMA
90|191|19|20403175|Kota Yogyakarta|SMAN 10 YOGYAKARTA|DI Yogyakarta|550.978|617.193|472.93|297.4|SMA
91|192|2|50100337|Kab. Buleleng|SMAN 1 SINGARAJA|Bali|550.977|647.623|456.27|402.1|SMA
92|193|20|20401156|Kab. Sleman|SMAS KOLESE DE BRITTO DEPOK|DI Yogyakarta|550.933|631.785|466.948|375.7|SMA
93|194|46|20104432|Kota Jakarta Barat|SMAS KATOLIK SANG TIMUR|DKI Jakarta|550.735|636.038|453.533|461.9|SMA
94|195|27|20511965|Kab. Kediri|SMAN 2 PARE|Jawa Timur|550.718|622.568|447.2|34.|SMA
95|196|30|20219248|Kota Bandung|SMAN 24 BANDUNG|Jawa Barat|550.714|653.895|419.303|448.4|SMA
96|197|47|20101626|Kota Jakarta Barat|SMAN 112 JAKARTA|DKI Jakarta|550.624|630.878|449.703|348.9|SMA
97|198|2|69856916|Kota Palembang|SMA IGNATIUS GLOBAL SCHOOL (IGS) PALEMBANG|Sumatera Selatan|550.562|632.925|448.868|465.4|SMA
98|199|31|20219309|Kota Bandung|SMAN 5 BANDUNG|Jawa Barat|550.431|647.043|423.403|456.1|SMA
99|200|32|20219269|Kota Bandung|SMAS TARUNA BAKTI|Jawa Barat|550.232|645.05|450.225|385.2|SMA
0|201|34|69859366|Kota Semarang|SMKN JATENG DI SEMARANG|Jawa Tengah|549.946|603.933|472.91|336.7|SMK
1|202|6|10304887|Kab. Agam|SMA NEGERI AGAM CENDEKIA|Sumatera Barat|549.634|618.148|462.85|317.9|SMA
2|203|3|10507942|Kab. Muaro Jambi|MAN INSAN CENDEKIA JAMBI|Jambi|549.499|639.245|464.45|429.4|MA
3|204|28|20533635|Kota Malang|SMAS KATOLIK ST ALBERTUS|Jawa Timur|549.435|647.118|448.003|379.2|SMA
4|205|4|10404019|Kota Pekanbaru|SMA NEGERI 8 PEKANBARU|Riau|549.407|641.425|439.18|443.4|SMA
5|206|3|10648016|Kota Palembang|SMAN SUMATERA SELATAN|Sumatera Selatan|549.272|631.025|453.313|387.4|SMA
6|207|4|10609704|Kota Palembang|SMA XAVERIUS 01 PALEMBANG|Sumatera Selatan|549.163|648.293|428.95|467.5|SMA
7|208|7|10307523|Kota Bukittinggi|SMAN 1 BUKITTINGGI|Sumatera Barat|549.02|629.593|435.213|389.7|SMA
8|209|35|20300617|Kab. Cilacap|SMA NEGERI 1 CILACAP|Jawa Tengah|548.896|621.385|463.503|348.6|SMA
9|210|21|20409906|Kab. Bantul|SMA KESATUAN BANGSA|DI Yogyakarta|548.874|653.19|421.183|435.8|SMA
10|211|33|20277085|Kota Bandung|MAS ZAKARIA|Jawa Barat|548.865|632.935|461.473|396.7|MA
11|212|22|20403375|Kota Yogyakarta|MAN 1 YOGYAKARTA|DI Yogyakarta|548.767|634.518|466.998|338.4|MA
12|213|29|69727602|Kota Batu|SMAS AL-IZZAH BATU|Jawa Timur|548.767|636.908|457.51|379.9|SMA
13|214|34|20229157|Kota Depok|SMAS ISLAM TERPADU NURUL FIKRI|Jawa Barat|548.662|642.465|454.873|368.6|SMA
14|215|35|20219791|Kota Bandung|SMAS YAHYA|Jawa Barat|548.41|619.768|455.455|417.7|SMA
15|216|48|20101620|Kota Jakarta Barat|SMAN 33 JAKARTA|DKI Jakarta|548.344|644.813|456.295|376.6|SMA
16|217|36|20329847|Kota Tegal|SMAN 1 TEGAL|Jawa Tengah|548.306|624.845|415.398|383.8|SMA
17|218|36|20224139|Kota Cimahi|SMA NEGERI 2 CIMAHI|Jawa Barat|548.295|646.763|426.228|429.9|SMA
18|219|37|20311334|Kab. Wonogiri|SMAN 1 WONOGIRI|Jawa Tengah|548.226|631.915|451.628|348.5|SMA
19|220|49|20107249|Kota Jakarta Pusat|SMAS BUDI MULIA JAKARTA|DKI Jakarta|548.186|619.358|478.125|364.6|SMA
20|221|23|20401127|Kab. Sleman|SMAN 1 PAKEM|DI Yogyakarta|548.058|647.295|461.105|351.4|SMA
21|222|37|20218351|Kab. Bekasi|SMAN 1 TAMBUN SELATAN|Jawa Barat|547.96|647.33|410.4|490.6|SMA
22|223|50|20103203|Kota Jakarta Timur|SMAS DON BOSCO 2 JAKARTA|DKI Jakarta|547.554|628.9|457.458|435.5|SMA
23|224|38|20309689|Kab. Klaten|SMAN 2 KLATEN|Jawa Tengah|547.523|637.648|432.838|352.2|SMA
24|225|39|20307641|Kab. Magelang|SMAS TARUNA NUSANTARA|Jawa Tengah|547.414|667.72|418.148|435.9|SMA
25|226|51|20103278|Kota Jakarta Timur|SMAN 91 JAKARTA|DKI Jakarta|547.314|639.27|416.87|377.1|SMA
26|227|30|20533653|Kota Malang|SMAN 5|Jawa Timur|547.075|640.3|439.285|384.|SMA
27|228|7|69762788|Kab. Tapanuli Utara|SMAN 3 TARUTUNG|Sumatera Utara|546.966|633.935|441.778|397.9|SMA
28|229|40|20330281|Kab. Kebumen|SMAN 1 GOMBONG|Jawa Tengah|546.897|636.403|471.553|348.|SMA
29|230|31|20525854|Kab. Banyuwangi|SMAN 1 GENTENG|Jawa Timur|546.836|655.893|445.923|421.9|SMA
30|231|41|20354028|Kab. Sragen|SMAN 1 SRAGEN|Jawa Tengah|546.835|650.728|424.26|403.|SMA
31|232|52|20103292|Kota Jakarta Timur|SMAN 103 JAKARTA|DKI Jakarta|546.783|650.905|434.138|374.4|SMA
32|233|2|30105064|Kota Pontianak|SMAS KRISTEN IMMANUEL|Kalimantan Barat|546.756|642.553|448.845|523.7|SMA
33|234|42|20328925|Kota Semarang|SMA KRISTEN YSKI|Jawa Tengah|546.723|628.443|481.333|414.2|SMA
34|235|38|20229172|Kota Depok|SMAS PRIBADI BEJI|Jawa Barat|546.709|615.345|449.045|449.6|SMA
35|236|53|20102563|Kota Jakarta Selatan|SMAN 90 JAKARTA|DKI Jakarta|546.622|651.583|432.153|409.7|SMA
36|237|3|11002197|Kota Batam|SMAN 3 BATAM|Kepulauan Riau|546.608|640.913|418.4|436.3|SMA
37|238|39|20219312|Kota Bandung|SMAN 4 BANDUNG|Jawa Barat|546.12|636.16|404.463|437.9|SMA
38|239|4|10506129|Kota Jambi|SMAS BINA KASIH|Jambi|545.937|660.55|457.458|481.8|SMA
39|240|16|20607991|Kab. Serang|SMA ISLAM NURUL FIKRI|Banten|545.907|649.893|429.485|435.7|SMA
40|241|17|20616138|Kab. Tangerang|SMAS TARAKANITA CITRA RAYA|Banten|545.664|627.893|460.18|392.3|SMA
41|242|43|20363082|Kab. Kudus|MAN 2 KUDUS|Jawa Tengah|545.567|643.175|441.938|380.7|MA
42|243|40|20238517|Kota Bogor|SMAN 5 BOGOR|Jawa Barat|545.552|648.508|421.413|441.1|SMA
43|244|54|20103304|Kota Jakarta Timur|SMAN 67 JAKARTA|DKI Jakarta|545.484|646.5|453.428|369.9|SMA
44|245|5|10502884|Kab. Muaro Jambi|SMAN TITIAN TERAS|Jambi|545.464|637.413|415.035|424.1|SMA
45|246|41|20253836|Kota Bandung|SMAS PRIBADI|Jawa Barat|545.398|661.523|433.408|549.3|SMA
46|247|55|20107277|Kota Jakarta Selatan|SMAS AL IZHAR JAKARTA|DKI Jakarta|545.383|637.278|464.175|354.2|SMA
47|248|44|20321439|Kab. Temanggung|SMA NEGERI 2 TEMANGGUNG|Jawa Tengah|545.211|634.77|456.573|338.1|SMA
48|249|32|20515430|Kab. Tulungagung|SMAN 1 KEDUNGWARU|Jawa Timur|545.165|650.09|434.868|402.3|SMA
49|250|56|20102231|Kota Jakarta Selatan|SMAK TIRTAMARTA - BPK PENABUR|DKI Jakarta|544.969|623.215|481.165|342.7|SMA
50|251|18|20614004|Kota Tangerang Selatan|SMAS MENTARI INTERCULTURAL SCHOOL BINTARO|Banten|544.85|617.935|480.35|411.7|SMA
51|252|33|20538326|Kab. Nganjuk|SMAN 2 NGANJUK|Jawa Timur|544.848|643.595|430.915|410.6|SMA
52|253|45|20303987|Kab. Banjarnegara|SMAN 1 BANJARNEGARA|Jawa Tengah|544.841|634.038|423.355|351.9|SMA
53|254|46|20309680|Kab. Klaten|SMAN 1 KARANGANOM|Jawa Tengah|544.752|638.9|443.055|376.4|SMA
54|255|3|50103149|Kota Denpasar|SMAS TAMAN RAMA|Bali|544.621|623.82|489.805|406.3|SMA
55|256|19|20615183|Kota Tangerang Selatan|SMAS KHARISMA BANGSA|Banten|544.551|619.02|447.828|483.|SMA
56|257|8|10263742|Kota Padang|MAS PERGURUAN ISLAM AR RISALAH|Sumatera Barat|544.52|642.255|438.218|371.2|MA
57|258|42|20222365|Kota Cirebon|SMAN 2 CIREBON|Jawa Barat|544.478|651.878|407.43|449.6|SMA
58|259|43|20223045|Kota Bekasi|SMAN 4 BEKASI|Jawa Barat|544.441|653.13|417.725|445.6|SMA
59|260|44|20238516|Kota Bogor|SMAN 2 BOGOR|Jawa Barat|544.425|636.333|435.178|442.7|SMA
60|261|45|20223817|Kota Depok|SMAN 3 KOTA DEPOK|Jawa Barat|544.079|640.883|413.285|436.8|SMA
61|262|24|20400391|Kab. Bantul|SMA NEGERI 1 JETIS|DI Yogyakarta|543.976|626.27|460.478|332.2|SMA
62|263|57|20103306|Kota Jakarta Timur|SMAN 62 JAKARTA|DKI Jakarta|543.928|649.528|419.96|350.8|SMA
63|264|4|50103125|Kota Denpasar|SMAN 3 DENPASAR|Bali|543.902|641.615|431.965|422.7|SMA
64|265|5|10609651|Kota Palembang|SMA KUSUMA BANGSA PALEMBANG|Sumatera Selatan|543.901|644.393|449.095|457.9|SMA
65|266|58|20100216|Kota Jakarta Pusat|SMAN 1 JAKARTA|DKI Jakarta|543.884|617.403|446.065|353.6|SMA
66|267|46|69775444|Kota Bogor|SMAS IT UMMUL QURO|Jawa Barat|543.772|625.103|423.48|394.|SMA
67|268|9|10307799|Kab. Tanah Datar|SMAN 3 BATU SANGKAR|Sumatera Barat|543.346|628.228|449.905|367.|SMA
68|269|1|40320336|Kota Makassar|SMAS ZION|Sulawesi Selatan|543.16|614.348|454.615|412.|SMA
69|270|34|20517739|Kab. Malang|SMAN 1 LAWANG|Jawa Timur|543.087|638.638|437.395|373.3|SMA
70|271|47|20341554|Kab. Sukoharjo|SMAS IT NURHIDAYAH|Jawa Tengah|543.052|651.44|446.995|394.6|SMA
71|272|59|20102575|Kota Jakarta Selatan|SMAN 55 JAKARTA|DKI Jakarta|542.846|625.925|424.375|371.3|SMA
72|273|2|69976494|Kab. Tanah Laut|MAN INSAN CENDEKIA TANAH LAUT|Kalimantan Selatan|542.757|613.668|409.735|373.2|MA
73|274|35|20517730|Kab. Malang|SMAN 1 KEPANJEN|Jawa Timur|542.618|628.378|434.173|349.9|SMA
74|275|25|20402137|Kab. Gunung Kidul|SMAN 2 WONOSARI|DI Yogyakarta|542.576|637.98|479.53|287.6|SMA
75|276|8|10210923|Kota Medan|SMAS SANTO THOMAS 1 MEDAN|Sumatera Utara|542.501|647.088|423.473|446.2|SMA
76|277|1|10807063|Kota Bandar Lampung|SMAN 2 BANDAR LAMPUNG|Lampung|542.493|645.323|415.033|483.1|SMA
77|278|20|20605093|Kota Serang|SMAN 1 KOTA SERANG|Banten|542.32|644.718|397.103|485.4|SMA
78|279|36|20580045|Kota Kediri|MAN 2 Kota Kediri|Jawa Timur|542.257|649.448|436.17|442.|MA
79|280|60|20102571|Kota Jakarta Selatan|SMAN 66 JAKARTA|DKI Jakarta|542.253|637.098|428.018|357.5|SMA
80|281|48|20328912|Kota Semarang|SMA SEMESTA|Jawa Tengah|542.24|641.968|416.21|513.7|SMA
81|282|37|20536288|Kota Probolinggo|SMAN 1 PROBOLINGGO|Jawa Timur|542.211|652.513|439.028|394.6|SMA
82|283|4|69975889|Kota Batam|MAN INSAN CENDEKIA KOTA BATAM|Kepulauan Riau|542.156|632.815|464.683|377.1|MA
83|284|21|20606833|Kota Tangerang|SMAS STRADA ST AQUINO|Banten|542.096|625.605|441.845|387.1|SMA
84|285|47|20231283|Kab. Bogor|SMAS BUNDA HATI KUDUS|Jawa Barat|542.045|625.613|457.078|43.|SMA
85|286|38|69964214|Kota Malang|SMA NEGERI TARUNA NALA JAWA TIMUR|Jawa Timur|541.971|632.72|437.64|439.3|SMA
86|287|39|20535464|Kota Pasuruan|UPT SMA NEGERI 1 PASURUAN|Jawa Timur|541.968|644.13|447.515|390.5|SMA
87|288|61|20102574|Kota Jakarta Selatan|SMAN 6 JAKARTA|DKI Jakarta|541.904|641.745|438.818|376.4|SMA
88|289|48|20252852|Kab. Bogor|SMAS AL KAHFI|Jawa Barat|541.715|640.815|449.713|379.4|SMA
89|290|40|20501701|Kab. Sidoarjo|SMAN 3 SIDOARJO|Jawa Timur|541.706|629.913|443.85|359.7|SMA
90|291|41|20536817|Kota Batu|SMAN 1 BATU|Jawa Timur|541.698|634.635|442.298|344.3|SMA
91|292|62|20103309|Kota Jakarta Timur|SMAN 58 JAKARTA|DKI Jakarta|541.539|628.988|447.755|346.5|SMA
92|293|63|20101623|Kota Jakarta Barat|SMAN 19 JAKARTA|DKI Jakarta|541.505|631.358|436.615|383.4|SMA
93|294|26|20402778|Kab. Kulon Progo|SMA NEGERI 2 WATES|DI Yogyakarta|541.497|618.74|449.36|304.6|SMA
94|295|5|50102079|Kab. Gianyar|SMAN 1 GIANYAR|Bali|541.488|648.6|420.328|439.6|SMA
95|296|49|20231312|Kab. Bogor|SMAS MADANIA|Jawa Barat|541.479|643.805|448.653|472.8|SMA
96|297|22|20606516|Kota Tangerang|SMAS MUTIARA BANGSA|Banten|541.401|602.11|462.855|417.1|SMA
97|298|1|50204503|Kota Mataram|SMA NEGERI 1 MATARAM|Nusa Tenggara Barat|541.33|642.563|405.75|444.1|SMA
98|299|23|69754032|Kota Tangerang Selatan|SMAS INSAN CENDEKIA MADANI|Banten|541.272|624.218|439.008|395.2|SMA
99|300|27|20403145|Kota Yogyakarta|SMAS STELLA DUCE 1|DI Yogyakarta|541.131|631.83|421.78|414.4|SMA
0|301|1|69756117|Kota Palu|SMAS AL - AZHAR MANDIRI PALU|Sulawesi Tengah|540.957|619.288|441.935|393.7|SMA
1|302|50|20219795|Kota Bandung|SMAS KALAM KUDUS|Jawa Barat|540.94|609.495|467.98|348.|SMA
2|303|42|20549721|Kota Surabaya|SMAS AL HIKMAH SURABAYA|Jawa Timur|540.925|646.64|429.603|407.8|SMA
3|304|28|20400390|Kab. Bantul|SMA NEGERI 1 KASIHAN|DI Yogyakarta|540.924|632.013|456.68|315.|SMA
4|305|49|20307714|Kab. Magelang|SMAN 1 KOTA MUNGKID|Jawa Tengah|540.833|635.583|446.498|341.1|SMA
5|306|43|20532247|Kota Surabaya|SMAN 4 SURABAYA|Jawa Timur|540.794|623.76|397.348|380.3|SMA
6|307|51|20220324|Kota Bogor|SMAS BPK PENABUR|Jawa Barat|540.774|625.735|444.325|463.5|SMA
7|308|50|20327987|Kota Surakarta|SMAS REGINA PACIS SURAKARTA|Jawa Tengah|540.699|633.863|430.255|384.3|SMA
8|309|51|20324216|Kab. Pemalang|SMAN 1 PEMALANG|Jawa Tengah|540.498|636.298|409.39|390.7|SMA
9|310|64|20103298|Kota Jakarta Timur|SMAN 44 JAKARTA|DKI Jakarta|540.417|629.625|423.833|378.4|SMA
10|311|52|69968020|Kab. Bandung Barat|SMA AL AZHAR SYIFA BUDI PARAHYANGAN|Jawa Barat|540.267|621.248|449.35|376.9|SMA
11|312|52|20314885|Kab. Blora|SMAN 1 BLORA|Jawa Tengah|540.13|640.788|431.208|379.3|SMA
12|313|24|20603349|Kota Tangerang Selatan|SMAS K ORA ET LABORA BSD|Banten|540.067|635.713|482.203|389.8|SMA
13|314|53|20276323|Kab. Bogor|MAS NUURUL QUR AN|Jawa Barat|539.901|610.998|424.035|453.9|MA
14|315|65|20101301|Kota Jakarta Barat|SMAS REGINA PACIS|DKI Jakarta|539.838|615.955|415.748|58.|SMA
15|316|66|20102219|Kota Jakarta Selatan|SMAN 109 JAKARTA|DKI Jakarta|539.798|636.108|425.77|358.|SMA
16|317|54|20258396|Kab. Subang|SMAS IT AS-SYIFA BOARDING SCHOOL|Jawa Barat|539.747|657.24|412.54|462.6|SMA
17|318|29|20407427|Kota Yogyakarta|SMK SMTI|DI Yogyakarta|539.742|620.17|446.528|373.5|SMK
18|319|1|10702412|Kota Bengkulu|SMAN 5 BENGKULU|Bengkulu|539.706|651.17|429.738|431.|SMA
19|320|53|20327970|Kota Surakarta|SMAN 5 SURAKARTA|Jawa Tengah|539.59|627.91|453.823|339.2|SMA
20|321|55|20247152|Kab. Sukabumi|SMAS INSAN CENDEKIA AL KAUSAR|Jawa Barat|539.582|643.488|431.27|459.|SMA
21|322|44|20510150|Kab. Ponorogo|SMAN 1 PONOROGO|Jawa Timur|539.574|634.585|427.715|387.2|SMA
22|323|45|20542500|Kab. Trenggalek|SMA NEGERI 1 TRENGGALEK|Jawa Timur|539.483|647.19|418.995|400.5|SMA
23|324|2|40311951|Kota Makassar|SMAN 17 MAKASSAR|Sulawesi Selatan|539.446|649.02|408.893|509.|SMA
24|325|46|69857710|Kab. Jombang|SMA TRENSAINS TEBUIRENG|Jawa Timur|539.435|632.493|447.5|396.9|SMA
25|326|54|20315697|Kab. Rembang|SMA NEGERI 1 REMBANG|Jawa Tengah|539.341|622.785|424.025|371.2|SMA
26|327|56|20223075|Kota Bekasi|SMAS MARSUDIRINI|Jawa Barat|539.281|628.348|421.678|412.7|SMA
27|328|67|20103257|Kota Jakarta Timur|SMAN 98 JAKARTA|DKI Jakarta|539.235|635.828|420.02|381.6|SMA
28|329|47|20532244|Kota Surabaya|SMAN 11 SURABAYA|Jawa Timur|539.211|638.225|423.625|375.1|SMA
29|330|68|20103310|Kota Jakarta Timur|SMAN 54 JAKARTA|DKI Jakarta|539.176|641.913|424.263|380.6|SMA
30|331|5|69941598|Kab. Siak|MAN INSAN CENDEKIA SIAK|Riau|539.113|637.113|455.14|409.1|MA
31|332|57|20219253|Kota Bandung|SMAN 20 BANDUNG|Jawa Barat|539.047|663.828|413.445|458.8|SMA
32|333|25|20603368|Kota Tangerang Selatan|SMAN 3 KOTA TANGERANG SELATAN|Banten|539.014|641.173|406.74|472.9|SMA
33|334|48|20532263|Kota Surabaya|SMAN 9 SURABAYA|Jawa Timur|538.967|639.723|415.778|387.8|SMA
34|335|30|20400406|Kab. Bantul|SMA NEGERI 1 BANGUNTAPAN|DI Yogyakarta|538.934|625.598|457.755|304.3|SMA
35|336|55|20310414|Kab. Sukoharjo|SMAS KRISTEN KALAM KUDUS SUKOHARJO|Jawa Tengah|538.849|617.225|479.463|408.4|SMA
36|337|9|10261532|Kab. Deli Serdang|SMA UNGGULAN CT FOUNDATION|Sumatera Utara|538.555|612.36|457.198|313.6|SMA
37|338|58|20219241|Kota Bandung|SMAN 12 BANDUNG|Jawa Barat|538.517|642.745|408.683|464.7|SMA
38|339|56|20350718|Kab. Magelang|SMAS IT IHSANUL FIKRI MUNGKID|Jawa Tengah|538.492|629.035|434.045|391.4|SMA
39|340|2|69978966|Kab. Lombok Timur|MAN INSAN CENDEKIA LOMBOK TIMUR|Nusa Tenggara Barat|538.46|602.855|454.823|347.7|MA
40|341|49|20533640|Kota Malang|SMAN 8|Jawa Timur|538.409|649.92|434.513|385.4|SMA
41|342|57|20327564|Kota Magelang|SMAN 3 MAGELANG|Jawa Tengah|538.355|632.67|444.03|399.6|SMA
42|343|10|10263528|Kab. Deli Serdang|SMAS NASIONAL PLUS CINTABUDAYA / CHONG WEN|Sumatera Utara|538.264|647.265|419.56|501.1|SMA
43|344|2|10807561|Kota Metro|SMAN 1 METRO|Lampung|538.139|637.153|441.83|458.2|SMA
44|345|69|69955414|Kota Jakarta Timur|SMA EMIISc Jakarta|DKI Jakarta|538.033|614.258|459.625|406.4|SMA
45|346|58|20328892|Kota Semarang|SMA NEGERI 06|Jawa Tengah|537.663|628.5|440.04|332.9|SMA
46|347|70|20100186|Kota Jakarta Pusat|SMAS KRISTEN 2 BPK PENABUR|DKI Jakarta|537.647|609.723|464.403|410.8|SMA
47|348|31|20401130|Kab. Sleman|SMAN 1 MLATI|DI Yogyakarta|537.4|602.325|466.468|280.4|SMA
48|349|10|10310795|Kab. Pesisir Selatan|SMAN 3 PAINAN|Sumatera Barat|537.371|620.005|449.98|32.|SMA
49|350|59|20318343|Kab. Jepara|SMA NEGERI 1 JEPARA|Jawa Tengah|537.321|625.858|435.993|386.2|SMA
50|351|3|69765089|Kab. Bone|SMAS ISLAM ATHIRAH|Sulawesi Selatan|537.309|610.268|460.768|375.8|SMA
51|352|71|20102216|Kota Jakarta Selatan|SMAN 3 JAKARTA|DKI Jakarta|537.216|622.163|397.043|374.6|SMA
52|353|50|20580089|Kota Malang|MAN 1 KOTA MALANG|Jawa Timur|537.206|646.753|435.005|376.6|MA
53|354|3|30304597|Kota Banjarbaru|SMAN 1 BANJARBARU|Kalimantan Selatan|537.117|642.03|420.948|416.4|SMA
54|355|51|20534389|Kota Kediri|SMAN 1 KEDIRI|Jawa Timur|537.087|640.05|408.22|414.2|SMA
55|356|52|20527233|Kab. Pamekasan|SMAN 1 PAMEKASAN|Jawa Timur|536.994|657.898|427.66|412.9|SMA
56|357|59|20224124|Kota Cimahi|SMA SANTA MARIA 3|Jawa Barat|536.915|623.028|464.33|407.4|SMA
57|358|3|30105074|Kota Pontianak|SMA KATOLIK SANTU PETRUS PONTIANAK|Kalimantan Barat|536.835|628.148|422.083|463.9|SMA
58|359|53|20502727|Kab. Mojokerto|SMAN 1 SOOKO|Jawa Timur|536.732|668.443|378.115|424.2|SMA
59|360|6|10496495|Kota Pekanbaru|SMA DHARMA LOKA|Riau|536.724|644.07|475.413|423.2|SMA
60|361|54|20532087|Kota Surabaya|SMAS SANTA MARIA|Jawa Timur|536.713|621.74|444.145|405.4|SMA
61|362|60|20305025|Kab. Kebumen|SMAN 2 KEBUMEN|Jawa Tengah|536.708|624.388|445.608|339.7|SMA
62|363|61|69929336|Kab. Sragen|SMA SCIENCE PLUS BAITUL QURAN BOARDING SCHOOL|Jawa Tengah|536.694|631.21|428.18|436.3|SMA
63|364|62|20328449|Kota Salatiga|SMAN 3 SALATIGA|Jawa Tengah|536.654|637.128|441.068|353.7|SMA
64|365|63|20331915|Kota Semarang|SMAS THERESIANA 1|Jawa Tengah|536.561|618.695|436.328|434.2|SMA
65|366|7|10498812|Kota Pekanbaru|MAN 2 PEKANBARU|Riau|536.552|643.63|426.375|458.9|MA
66|367|60|20219271|Kota Bandung|SMAN 1 BANDUNG|Jawa Barat|536.447|662.513|419.15|465.7|SMA
67|368|64|20322744|Kab. Batang|SMA NEGERI 1 BATANG|Jawa Tengah|536.326|646.97|420.23|389.1|SMA
68|369|61|20265518|Kota Bandung|SMAS ALFA CENTAURI|Jawa Barat|536.185|620.34|430.665|386.9|SMA
69|370|2|10111885|Kota Banda Aceh|SMA TEUKU NYAK ARIF FATIH BILINGUAL SCHOOL|Aceh|536.042|617.683|451.765|521.9|SMA
70|371|1|40103174|Kota Tomohon|SMAS LOKON ST NIKOLAUS TOMOHON|Sulawesi Utara|536.032|635.698|438.835|487.7|SMA
71|372|55|69859740|Kota Malang|SMA ISLAM SABILILLAH|Jawa Timur|535.926|628.633|408.44|461.4|SMA
72|373|26|20603342|Kota Tangerang Selatan|SMAS ISLAM AL-AZHAR BSD|Banten|535.922|631.105|418.955|458.|SMA
73|374|27|20606814|Kota Tangerang|SMAN 8 TANGERANG|Banten|535.908|655.353|412.938|408.4|SMA
74|375|62|20200681|Kab. Bogor|SMAN 1 CILEUNGSI|Jawa Barat|535.825|653.185|434.908|380.8|SMA
75|376|63|20276416|Kota Bekasi|SMAS LABSCHOOL CIBUBUR|Jawa Barat|535.808|642.99|404.785|426.|SMA
76|377|6|10601344|Kab. Lahat|SMAN 4 LAHAT|Sumatera Selatan|535.79|630.958|433.753|422.6|SMA
77|378|65|20313048|Kab. Sragen|SMAN 1 GEMOLONG|Jawa Tengah|535.717|629.44|445.403|359.3|SMA
78|379|11|69862591|Kab. Solok|SMA N 2 SUMATERA BARAT|Sumatera Barat|535.591|648.81|453.083|380.6|SMA
79|380|28|20603371|Kota Tangerang Selatan|SMAS PLUS PEMBANGUNAN JAYA|Banten|535.591|622.683|417.425|439.2|SMA
80|381|7|10603858|Kota Palembang|SMA NEGERI 17 PALEMBANG|Sumatera Selatan|535.587|651.245|420.293|484.1|SMA
81|382|64|20253130|Kab. Bekasi|SMAS IT AL BINA|Jawa Barat|535.5|631.205|394.41|457.8|SMA
82|383|66|20306176|Kab. Purworejo|SMAN 2 PURWOREJO|Jawa Tengah|535.488|621.968|413.685|314.7|SMA
83|384|56|20511011|Kab. Pacitan|SMAN 1 PACITAN|Jawa Timur|535.485|621.37|438.575|342.9|SMA
84|385|3|10807024|Kota Bandar Lampung|SMA S AL KAUTSAR|Lampung|535.422|633.578|433.045|390.8|SMA
85|386|67|20328913|Kota Semarang|SMA SEDES SAPIENTIAE|Jawa Tengah|535.394|630.285|436.76|421.4|SMA
86|387|72|P2965978|Kota Jakarta Pusat|PKBM Windsor|DKI Jakarta|535.337|616.705|459.64|388.4|PKBM
87|388|65|20219784|Kota Bandung|SMAS PELITA BANGSA|Jawa Barat|535.307|620.815|480.17|411.1|SMA
88|389|66|20219265|Kota Bandung|SMAS ST MARIA 1 BANDUNG|Jawa Barat|535.258|631.283|432.525|395.7|SMA
89|390|67|20277214|Kab. Kuningan|MAS HUSNUL KHOTIMAH|Jawa Barat|535.167|658.685|427.605|406.2|MA
90|391|57|20509318|Kab. Magetan|SMAN 1 MAGETAN|Jawa Timur|535.096|632.468|425.618|386.|SMA
91|392|68|20200885|Kab. Bogor|SMAN 1 CIBINONG|Jawa Barat|535.072|648.755|440.038|375.4|SMA
92|393|32|20363283|Kota Yogyakarta|MAS MUALLIMAAT MUHAMMADIYAH|DI Yogyakarta|535.038|644.508|442.703|397.7|MA
93|394|58|20540060|Kab. Sidoarjo|SMAS KRISTEN PETRA 4|Jawa Timur|534.991|612.893|442.48|435.8|SMA
94|395|59|20525856|Kab. Banyuwangi|SMAN 1 GLAGAH|Jawa Timur|534.979|626.195|408.925|421.9|SMA
95|396|8|69816324|Kota Pekanbaru|SMA IT AL BAYYINAH|Riau|534.939|608.785|476.42|346.|SMA
96|397|68|20320387|Kab. Semarang|SMA NEGERI 1 AMBARAWA|Jawa Tengah|534.732|628.748|455.553|333.4|SMA
97|398|69|20330921|Kab. Sragen|SMA TRENSAINS MUHAMMADIYAH SRAGEN|Jawa Tengah|534.637|626.693|470.128|382.3|SMA
98|399|69|20219270|Kota Bandung|SMAS KRIDA NUSANTARA|Jawa Barat|534.596|626.723|385.238|396.1|SMA
99|400|4|10807016|Kota Bandar Lampung|SMA S XAVERIUS BANDAR LAMPUNG|Lampung|534.54|621.005|436.453|472.3|SMA
0|401|70|20329512|Kota Pekalongan|SMK Negeri 2 Pekalongan|Jawa Tengah|534.403|602.16|482.043|337.4|SMK
1|402|70|20220335|Kota Bogor|SMAN 6 BOGOR|Jawa Barat|534.388|638.505|421.22|436.2|SMA
2|403|33|20401315|Kab. Sleman|SMKN 2 DEPOK|DI Yogyakarta|534.228|625.77|455.578|330.5|SMK
3|404|34|20363284|Kota Yogyakarta|MAS MUALLIMIN MUHAMMADIYAH|DI Yogyakarta|534.106|652.93|440.34|441.7|MA
4|405|60|20514344|Kab. Blitar|SMAN 1 TALUN|Jawa Timur|534.013|654.115|417.19|398.2|SMA
5|406|71|20219243|Kota Bandung|SMAN 11 BANDUNG|Jawa Barat|533.964|620.628|400.595|443.6|SMA
6|407|72|69822684|Kab. Bandung Barat|SMAS DARUL HIKAM INTERNASIONAL|Jawa Barat|533.911|624.035|460.14|420.7|SMA
7|408|35|20404171|Kota Yogyakarta|SMAS IT ABU BAKAR|DI Yogyakarta|533.897|631.07|441.955|350.6|SMA
8|409|61|20501702|Kab. Sidoarjo|SMAN 2 SIDOARJO|Jawa Timur|533.891|640.893|426.528|390.4|SMA
9|410|73|20222364|Kota Cirebon|SMAN 1 CIREBON|Jawa Barat|533.837|645.333|402.773|444.|SMA
10|411|2|40102411|Kab. Minahasa Utara|SMA MANADO INDEPENDENT SCHOOL|Sulawesi Utara|533.812|632.67|410.86|525.|SMA
11|412|29|69982590|Kab. Tangerang|SMA AL WILDAN ISLAMIC SCHOOL|Banten|533.797|648.65|437.958|429.9|SMA
12|413|2|30401067|Kota Samarinda|SMA Negeri 10 Samarinda|Kalimantan Timur|533.77|643.058|422.675|426.5|SMA
13|414|71|20362982|Kab. Karanganyar|MAS TAHFIZHUL QUR`AN|Jawa Tengah|533.708|610.708|468.87|320.8|MA
14|415|72|20308448|Kab. Boyolali|SMAN 3 BOYOLALI|Jawa Tengah|533.697|611.325|444.075|324.6|SMA
15|416|74|20246730|Kota Bekasi|SMAS GLOBAL PRESTASI|Jawa Barat|533.627|614.848|430.738|418.2|SMA
16|417|4|40307369|Kota Makassar|SMAS KATOLIK RAJAWALI|Sulawesi Selatan|533.445|655.018|421.853|495.8|SMA
17|418|75|20229167|Kota Depok|SMAN 5 KOTA DEPOK|Jawa Barat|533.388|625.35|407.56|441.|SMA
18|419|62|20523847|Kab. Jember|SMAN 2 JEMBER|Jawa Timur|533.29|627.103|418.16|364.5|SMA
19|420|5|11000360|Kota Batam|SMAN 1 BATAM|Kepulauan Riau|533.265|646.208|391.625|474.|SMA
20|421|76|20227474|Kab. Garut|SMAN 1 GARUT|Jawa Barat|533.255|644.03|428.035|448.9|SMA
21|422|36|20411891|Kab. Sleman|MAN 3 SLEMAN|DI Yogyakarta|533.24|622.52|413.1|360.7|MA
22|423|73|20103281|Kota Jakarta Timur|SMAN 31 JAKARTA|DKI Jakarta|533.233|619.18|416.673|382.3|SMA
23|424|77|20206209|Kab. Bandung|SMAN 1 MARGAHAYU|Jawa Barat|533.187|633.625|443.128|400.9|SMA
24|425|73|20310421|Kab. Sukoharjo|SMAN 3 SUKOHARJO|Jawa Tengah|532.937|643.87|445.823|330.4|SMA
25|426|6|50103127|Kota Denpasar|SMAN 1 DENPASAR|Bali|532.93|655.725|414.238|494.2|SMA
26|427|7|50102779|Kab. Karang Asem|SMAN 2 AMLAPURA|Bali|532.92|649.685|422.458|463.1|SMA
27|428|78|20253167|Kota Bekasi|SMAS ISLAM AL-AZHAR 4|Jawa Barat|532.884|627.59|396.143|420.1|SMA
28|429|74|20327972|Kota Surakarta|SMAN 7 SURAKARTA|Jawa Tengah|532.841|644.51|436.268|354.9|SMA
29|430|79|20220334|Kota Bogor|SMAN 4 BOGOR|Jawa Barat|532.84|649.405|423.455|414.3|SMA
30|431|3|30401809|Kota Bontang|SMAS YAYASAN PUPUK KALTIM BONTANG|Kalimantan Timur|532.747|642.613|424.293|447.6|SMA
31|432|75|20309684|Kab. Klaten|SMAN 1 CAWAS|Jawa Tengah|532.727|633.76|412.005|362.|SMA
32|433|30|20603347|Kota Tangerang Selatan|SMAS KATOLIK RICCI II|Banten|532.699|623.548|419.495|458.3|SMA
33|434|76|20320392|Kab. Semarang|SMA SEDES SAPIENTIAE JAMBU|Jawa Tengah|532.582|612.505|463.713|325.8|SMA
34|435|1|60102022|Kota Ambon|SMAS KRISTEN REHOBOTH|Maluku|532.499|643.748|455.74|435.5|SMA
35|436|11|10259956|Kota Medan|SMAS PRIMEONE SCHOOL|Sumatera Utara|532.4|603.92|430.215|532.5|SMA
36|437|37|20409801|Kab. Sleman|SMA BUDI MULIA DUA|DI Yogyakarta|532.332|646.458|452.418|403.|SMA
37|438|31|20603328|Kota Tangerang Selatan|SMAS KATOLIK MATER DEI|Banten|532.291|610.273|439.393|443.9|SMA
38|439|1|69955659|Kab. Bangka Tengah|MAN INSAN CENDEKIA BANGKA TENGAH|Kepulauan Bangka Belitung|532.268|603.995|476.19|290.2|MA
39|440|4|30401490|Kota Balikpapan|SMAN 2 BALIKPAPAN UTARA|Kalimantan Timur|532.244|636.79|440.433|405.9|SMA
40|441|80|69816259|Kota Depok|SMA IBNU HAJAR BOARDING SCHOOL|Jawa Barat|532.243|656.743|425.543|425.1|SMA
41|442|81|69986335|Kota Bogor|SMA IT AT TAUFIQ|Jawa Barat|532.23|618.17|466.953|362.8|SMA
42|443|82|20223033|Kota Bekasi|SMAN 2 BEKASI|Jawa Barat|532.216|649.808|402.05|447.4|SMA
43|444|63|P9908769|Kota Surabaya|PKBM KAK SETO|Jawa Timur|532.174|637.78|481.155|433.6|PKBM
44|445|83|20246430|Kota Depok|SMAS ISLAM DIAN DIDAKTIKA|Jawa Barat|532.151|615.455|439.028|403.3|SMA
45|446|84|20280604|Kota Bekasi|SMAS FUTURE GATE|Jawa Barat|532.001|642.333|387.908|443.3|SMA
46|447|2|10901104|Kota Pangkalpinang|SMAN 1 PANGKAL PINANG|Kepulauan Bangka Belitung|531.934|643.708|441.423|382.7|SMA
47|448|8|50101121|Kab. Tabanan|SMAN 1 TABANAN|Bali|531.789|627.693|427.065|421.5|SMA
48|449|85|20231356|Kab. Bogor|SMAS SMART EKSELENSIA INDONESIA|Jawa Barat|531.781|641.178|440.09|440.6|SMA
49|450|77|20321907|Kab. Kendal|SMAN 1 KENDAL|Jawa Tengah|531.759|640.923|411.25|389.3|SMA
50|451|86|20223046|Kota Bekasi|SMAN 3 BEKASI|Jawa Barat|531.557|632.448|412.983|453.5|SMA
51|452|64|20502726|Kab. Mojokerto|SMAN 1 PURI|Jawa Timur|531.548|615.015|437.305|382.8|SMA
52|453|3|10900459|Kab. Belitung|SMAN 1 TANJUNG PANDAN|Kepulauan Bangka Belitung|531.468|638.468|426.078|397.3|SMA
53|454|78|20313845|Kab. Grobogan|SMAN 1 PURWODADI|Jawa Tengah|531.409|636.283|419.683|395.9|SMA
54|455|65|20532232|Kota Surabaya|SMAN 21 SURABAYA|Jawa Timur|531.385|632.578|424.92|370.5|SMA
55|456|3|69952949|Kota Tomohon|SMA LENTERA HARAPAN TOMOHON|Sulawesi Utara|531.144|620.598|450.045|416.3|SMA
56|457|79|69949652|Kota Surakarta|SMA Muhammadiyah Program Khusus Kottabarat Surakarta|Jawa Tengah|531.143|619.343|460.|353.|SMA
57|458|74|20103311|Kota Jakarta Timur|SMAN 53 JAKARTA|DKI Jakarta|531.135|624.905|444.493|340.5|SMA
58|459|12|10210903|Kota Medan|SMAS METHODIST 2 MEDAN|Sumatera Utara|531.098|637.215|417.848|483.|SMA
59|460|38|20402128|Kab. Gunung Kidul|SMKN 1 WONOSARI|DI Yogyakarta|531.043|610.7|443.245|319.|SMK
60|461|66|20533641|Kota Malang|SMAN 9 Malang|Jawa Timur|531.018|644.628|435.78|363.6|SMA
61|462|32|20603361|Kab. Tangerang|SMAN 3 KABUPATEN TANGERANG|Banten|530.947|633.613|424.408|428.|SMA
62|463|87|20216938|Kab. Subang|SMAN 1 SUBANG|Jawa Barat|530.943|624.205|430.945|384.8|SMA
63|464|67|20523807|Kab. Jember|SMAS ST PAULUS|Jawa Timur|530.895|631.348|444.06|444.5|SMA
64|465|39|20400371|Kab. Bantul|SMA NEGERI 1 SEWON|DI Yogyakarta|530.788|630.835|425.028|353.5|SMA
65|466|68|20532217|Kota Surabaya|SMAN 17 SURABAYA|Jawa Timur|530.697|640.768|419.885|338.2|SMA
66|467|33|69759180|Kota Tangerang Selatan|SMA ISLAM SINAR CENDEKIA|Banten|530.628|593.298|432.048|372.9|SMA
67|468|13|69987117|Kab. Tapanuli Selatan|MAN INSAN CENDEKIA TAPANULI SELATAN|Sumatera Utara|530.58|611.828|461.955|403.6|MA
68|469|88|20254358|Kab. Bogor|SMAS GLOBAL MANDIRI|Jawa Barat|530.552|601.888|443.828|454.4|SMA
69|470|89|20224113|Kota Cimahi|SMA NEGERI 1 CIMAHI|Jawa Barat|530.519|644.678|416.318|453.7|SMA
70|471|80|20302169|Kab. Banyumas|SMAN 5 PURWOKERTO|Jawa Tengah|530.443|662.473|438.213|347.7|SMA
71|472|75|69883506|Kota Jakarta Selatan|SMA GARUDA CENDEKIA|DKI Jakarta|530.307|633.04|440.718|453.5|SMA
72|473|3|10107194|Kota Banda Aceh|SMAN 10 FAJAR HARAPAN BANDA ACEH|Aceh|530.282|616.123|426.65|424.2|SMA
73|474|81|20321425|Kab. Temanggung|SMK NEGERI 1 TEMANGGUNG|Jawa Tengah|530.136|607.493|442.97|353.4|SMK
74|475|76|20103297|Kota Jakarta Timur|SMAN 42 JAKARTA|DKI Jakarta|530.079|649.57|436.563|396.8|SMA
75|476|90|20220338|Kota Bogor|SMAN 9 BOGOR|Jawa Barat|530.067|640.733|420.033|412.1|SMA
76|477|1|60403474|Kota Sorong|SMAS AVEROS|Papua Barat|530.048|597.793|451.528|374.6|SMA
77|478|91|20229168|Kota Depok|SMAN 6 KOTA DEPOK|Jawa Barat|530.012|613.225|404.625|413.9|SMA
78|479|92|69987474|Kab. Bogor|SMA ISLAM TERPADU NURUL FIKRI BOARDING SCHOOL|Jawa Barat|530.007|593.818|430.125|384.7|SMA
79|480|14|10210873|Kota Medan|SMAN 1 MEDAN|Sumatera Utara|529.984|641.06|414.33|493.6|SMA
80|481|93|20212956|Kab. Kuningan|SMA NEGERI 2 KUNINGAN|Jawa Barat|529.869|636.358|418.23|413.7|SMA
81|482|34|20606848|Kota Tangerang|SMAN 2 TANGERANG|Banten|529.755|629.205|419.003|441.8|SMA
82|483|94|20217786|Kab. Karawang|SMAN 1 KARAWANG|Jawa Barat|529.753|665.243|423.718|449.1|SMA
83|484|5|40301037|Kab. Gowa|SMAN 5 GOWA|Sulawesi Selatan|529.721|626.738|428.97|464.8|SMA
84|485|69|20532246|Kota Surabaya|SMAN 13 SURABAYA|Jawa Timur|529.711|633.805|402.018|391.5|SMA
85|486|82|20323399|Kab. Pekalongan|SMA NEGERI 1 KEDUNGWUNI|Jawa Tengah|529.62|621.118|447.295|343.3|SMA
86|487|77|20103286|Kota Jakarta Timur|SMAN 113 JAKARTA|DKI Jakarta|529.472|628.805|397.348|352.5|SMA
87|488|83|20307713|Kab. Magelang|SMAN 1 MERTOYUDAN|Jawa Tengah|529.431|631.66|447.995|373.|SMA
88|489|70|20500477|Kab. Gresik|SMAN 1 MANYAR|Jawa Timur|529.325|631.478|399.075|404.3|SMA
89|490|95|20219751|Kota Bandung|SMAS ADVENT|Jawa Barat|529.138|578.56|463.868|348.4|SMA
90|491|35|20603359|Kota Tangerang Selatan|SMAN 1 KOTA TANGERANG SELATAN|Banten|529.132|630.468|416.345|440.8|SMA
91|492|71|20501705|Kab. Sidoarjo|SMAN 1 TAMAN|Jawa Timur|529.097|630.913|430.373|390.2|SMA
92|493|72|20519299|Kab. Pasuruan|SMAN 1 PANDAAN|Jawa Timur|529.07|626.155|420.25|400.5|SMA
93|494|9|10497552|Kota Pekanbaru|SMA IT AL ITTIHAD|Riau|529.038|590.168|449.895|372.4|SMA
94|495|73|20505008|Kab. Tuban|SMAN 2 TUBAN|Jawa Timur|528.992|627.423|448.818|322.2|SMA
95|496|84|20302170|Kab. Banyumas|SMAN 1 AJIBARANG|Jawa Tengah|528.973|632.838|429.7|377.8|SMA
96|497|6|40310832|Kota Parepare|SMA NEGERI 5 PAREPARE|Sulawesi Selatan|528.953|622.555|418.7|457.6|SMA
97|498|85|20337604|Kota Semarang|SMK NEGERI 7 SEMARANG|Jawa Tengah|528.891|602.3|450.598|310.7|SMK
98|499|78|20101586|Kota Jakarta Barat|SMAN 85 JAKARTA|DKI Jakarta|528.841|621.515|415.758|356.7|SMA
99|500|79|20177932|Kota Jakarta Selatan|MAN 4 JAKARTA|DKI Jakarta|528.799|650.735|412.698|435.8|MA
0|501|96|20217357|Kab. Purwakarta|SMAN 1 PURWAKARTA|Jawa Barat|528.788|635.755|394.73|449.7|SMA
1|502|80|20100797|Kota Jakarta Utara|SMAN 52 JAKARTA|DKI Jakarta|528.741|632.945|433.358|370.1|SMA
2|503|81|20103219|Kota Jakarta Timur|SMAS FONS VITAE 1 JAKARTA|DKI Jakarta|528.615|639.495|396.04|449.3|SMA
3|504|82|20102217|Kota Jakarta Selatan|SMAN 29 JAKARTA|DKI Jakarta|528.609|639.403|413.143|395.5|SMA
4|505|97|20271471|Kab. Bogor|SMA IT DARUL QUR AN|Jawa Barat|528.577|631.668|437.26|411.1|SMA
5|506|74|69880982|Kab. Nganjuk|SMA BINA INSAN MANDIRI|Jawa Timur|528.569|627.495|462.98|395.3|SMA
6|507|5|30401487|Kota Balikpapan|SMAN 5 BALIKPAPAN SELATAN|Kalimantan Timur|528.392|621.308|434.695|403.2|SMA
7|508|4|10900232|Kab. Bangka|SMAN 1 SUNGAI LIAT|Kepulauan Bangka Belitung|528.325|636.338|428.275|429.4|SMA
8|509|8|10603853|Kota Palembang|SMA NEGERI 06 PALEMBANG|Sumatera Selatan|528.29|637.813|409.913|452.5|SMA
9|510|98|20219249|Kota Bandung|SMAN 23 BANDUNG|Jawa Barat|528.289|637.425|414.765|431.7|SMA
10|511|99|20223043|Kota Bekasi|SMAN 6 BEKASI|Jawa Barat|528.259|609.62|421.448|385.7|SMA
11|512|5|69775683|Kota Bandar Lampung|SMAS IT AR RAIHAN|Lampung|528.222|630.543|444.453|455.8|SMA
12|513|100|20220325|Kota Bogor|SMAS BUDI MULIA|Jawa Barat|528.177|614.78|433.3|373.6|SMA
13|514|83|20103196|Kota Jakarta Timur|SMAS SANTO YOSEPH JAKARTA|DKI Jakarta|528.114|623.975|456.47|424.|SMA
14|515|101|20220329|Kota Bogor|SMAS KESATUAN|Jawa Barat|528.109|620.713|442.778|405.7|SMA
15|516|86|20302171|Kab. Banyumas|SMAN 1 BANYUMAS|Jawa Tengah|528.075|626.335|416.248|372.1|SMA
16|517|75|20533655|Kota Malang|SMAS KATOLIK SANTA MARIA|Jawa Timur|528.049|616.828|460.053|387.3|SMA
17|518|87|20327967|Kota Surakarta|SMAN 2 SURAKARTA|Jawa Tengah|527.99|614.375|431.253|339.5|SMA
18|519|84|20102572|Kota Jakarta Selatan|SMAN 63 JAKARTA|DKI Jakarta|527.979|636.5|422.128|35.|SMA
19|520|88|20339023|Kab. Pati|SMA NEGERI 2 PATI|Jawa Tengah|527.947|646.32|422.97|365.3|SMA
20|521|12|10303499|Kota Padang|SMAN 2 PADANG|Sumatera Barat|527.907|631.665|431.753|400.3|SMA
21|522|36|P2967096|Kota Tangerang Selatan|PKBM KAK SETO|Banten|527.899|637.245|456.675|509.1|PKBM
22|523|10|10404022|Kota Pekanbaru|SMAS SANTA MARIA|Riau|527.896|657.83|425.44|531.6|SMA
23|524|102|60726806|Kota Bogor|SMAIT INSANTAMA PLUS|Jawa Barat|527.804|624.178|425.933|420.5|SMA
24|525|89|20327565|Kota Magelang|SMAN 4 MAGELANG|Jawa Tengah|527.777|604.398|427.398|355.6|SMA
25|526|76|20532138|Kota Surabaya|SMAS KATOLIK SANTA AGNES|Jawa Timur|527.769|615.903|432.988|505.6|SMA
26|527|13|10303500|Kota Padang|SMAN 3 PADANG|Sumatera Barat|527.713|623.238|407.523|402.|SMA
27|528|103|20269747|Kab. Bandung Barat|SMA NURUL FIKRI BOARDING SCHOOL LEMBANG|Jawa Barat|527.633|621.938|412.828|438.|SMA
28|529|77|20533664|Kota Malang|SMAN 2|Jawa Timur|527.602|617.248|439.56|326.6|SMA
29|530|78|69786332|Kota Surabaya|SMA ISLAM TERPADU AL USWAH|Jawa Timur|527.565|637.898|426.4|465.7|SMA
30|531|11|10403985|Kota Pekanbaru|SMA NEGERI 1 PEKANBARU|Riau|527.491|641.458|414.803|459.4|SMA
31|532|104|69822688|Kab. Garut|SMAS ISLAM TERPADU SITUWANGI CIKAJANG|Jawa Barat|527.359|589.903|455.418|344.2|SMA
32|533|105|20252288|Kab. Bekasi|SMAS PRESIDEN (BOARDING SCHOOL)|Jawa Barat|527.194|617.57|428.418|504.5|SMA
33|534|79|20503413|Kab. Jombang|SMA NEGERI 3 JOMBANG|Jawa Timur|527.045|609.635|415.57|363.6|SMA
34|535|12|10496358|Kab. Pelalawan|SMAS PLUS TARUNA ANDALAN|Riau|527.024|611.66|426.045|390.1|SMA
35|536|106|20206151|Kab. Bandung|SMAN 1 BALEENDAH|Jawa Barat|526.994|641.113|410.683|451.1|SMA
36|537|80|20574536|Kab. Sidoarjo|SMA AL MUSLIM|Jawa Timur|526.96|620.99|425.085|413.8|SMA
37|538|90|69823287|Kota Surakarta|SMA AL-ABIDIN BILINGUAL BOARDING SCHOOL|Jawa Tengah|526.933|647.4|410.91|423.3|SMA
38|539|91|20328879|Kota Semarang|SMA NEGERI 11|Jawa Tengah|526.929|621.48|401.96|335.|SMA
39|540|81|20501784|Kab. Sidoarjo|SMAN 1 KRIAN|Jawa Timur|526.926|638.828|417.3|390.7|SMA
40|541|107|20214989|Kab. Cirebon|SMAN 1 SUMBER|Jawa Barat|526.909|628.968|420.468|400.1|SMA
41|542|6|69941830|Kab. Paser|MAN INSAN CENDEKIA PASER|Kalimantan Timur|526.895|599.655|441.675|406.6|MA
42|543|92|20341151|Kab. Magelang|SMAS AL ITISHOM GRABAG|Jawa Tengah|526.807|589.453|435.745|372.1|SMA
43|544|85|20102564|Kota Jakarta Selatan|SMAN 87 JAKARTA|DKI Jakarta|526.788|649.87|430.985|386.1|SMA
44|545|93|20310425|Kab. Sukoharjo|SMAN 1 KARTASURA|Jawa Tengah|526.782|627.998|426.08|348.9|SMA
45|546|86|20103308|Kota Jakarta Timur|SMAN 59 JAKARTA|DKI Jakarta|526.742|625.885|418.83|328.|SMA
46|547|40|20401132|Kab. Sleman|SMAN 2 NGAGLIK|DI Yogyakarta|526.72|614.733|420.988|304.6|SMA
47|548|82|20532231|Kota Surabaya|SMAN 20 SURABAYA|Jawa Timur|526.61|625.633|426.583|362.4|SMA
48|549|83|69948430|Kab. Blitar|SMA IT AL HIKMAH|Jawa Timur|526.5|589.978|425.953|421.7|SMA
49|550|7|30400382|Kab. Berau|SMAN 1 BERAU|Kalimantan Timur|526.475|627.913|426.515|421.8|SMA
50|551|87|20107334|Kota Jakarta Selatan|SMA TARAKANITA 1 JAKARTA|DKI Jakarta|526.446|645.525|447.188|398.8|SMA
51|552|94|20317483|Kab. Kudus|SMAN 1 BAE KUDUS|Jawa Tengah|526.443|612.225|430.52|332.1|SMA
52|553|37|20603267|Kota Tangerang Selatan|SMAN 7 KOTA TANGERANG SELATAN|Banten|526.346|632.58|404.088|407.4|SMA
53|554|88|20102562|Kota Jakarta Selatan|SMAN 97 JAKARTA|DKI Jakarta|526.307|633.433|414.423|349.8|SMA
54|555|89|20103290|Kota Jakarta Timur|SMAN 105 JAKARTA|DKI Jakarta|526.261|617.935|432.305|351.8|SMA
55|556|90|20100224|Kota Jakarta Pusat|SMAN 30 JAKARTA|DKI Jakarta|526.232|634.97|432.333|347.2|SMA
56|557|13|10403792|Kab. Kuantan Singingi|SMAN PINTAR|Riau|526.229|627.258|438.515|407.8|SMA
57|558|4|30105212|Kota Pontianak|SMAN 3 PONTIANAK|Kalimantan Barat|526.199|643.213|396.005|408.8|SMA
58|559|84|20517786|Kab. Malang|SMAS AR ROHMAH DAU|Jawa Timur|526.184|657.27|432.233|444.3|SMA
59|560|91|20101587|Kota Jakarta Barat|SMAN 84 JAKARTA|DKI Jakarta|526.161|627.013|434.68|368.6|SMA
60|561|14|10303904|Kota Payakumbuh|SMAN 1 PAYAKUMBUH|Sumatera Barat|526.081|623.388|416.358|405.7|SMA
61|562|92|20102213|Kota Jakarta Selatan|SMAN 37 JAKARTA|DKI Jakarta|526.03|606.398|434.07|335.5|SMA
62|563|1|69975824|Kota Kendari|MAN INSAN CENDEKIA KOTA KENDARI|Sulawesi Tenggara|525.846|637.303|435.943|451.4|MA
63|564|85|20533803|Kota Malang|SMKS TELKOM SANDHY PUTRA|Jawa Timur|525.809|642.07|452.693|337.3|SMK
64|565|93|20103787|Kota Jakarta Timur|SMKN 26 JAKARTA|DKI Jakarta|525.782|608.585|456.795|352.2|SMK
65|566|108|20224511|Kota Tasikmalaya|SMA NEGERI 1 TASIKMALAYA|Jawa Barat|525.782|658.385|404.615|441.6|SMA
66|567|109|69946479|Kota Bandung|SMA EDU GLOBAL|Jawa Barat|525.707|623.418|406.85|405.7|SMA
67|568|94|20101625|Kota Jakarta Barat|SMAN 16 JAKARTA|DKI Jakarta|525.641|605.105|418.275|333.7|SMA
68|569|95|20330331|Kab. Kebumen|SMKN 1 KARANGANYAR|Jawa Tengah|525.639|593.52|461.393|325.1|SMK
69|570|86|20534125|Kota Madiun|SMAN 1 MADIUN|Jawa Timur|525.532|650.523|417.273|358.9|SMA
70|571|15|10211316|Kota Binjai|SMAS METHODIST|Sumatera Utara|525.492|642.965|412.028|460.7|SMA
71|572|96|20306186|Kab. Purworejo|SMKN 2 PURWOREJO|Jawa Tengah|525.409|605.763|455.285|327.6|SMK
72|573|97|20306180|Kab. Purworejo|SMKN 1 PURWOREJO|Jawa Tengah|525.399|603.573|456.735|348.6|SMK
73|574|41|20401133|Kab. Sleman|SMAN 2 SLEMAN|DI Yogyakarta|525.388|614.343|456.945|299.7|SMA
74|575|110|20218379|Kab. Bekasi|SMAN 2 TAMBUN SELATAN|Jawa Barat|525.347|613.983|391.85|428.6|SMA
75|576|98|20321448|Kab. Temanggung|SMK NEGERI 2 TEMANGGUNG|Jawa Tengah|525.243|603.448|442.535|353.4|SMK
76|577|38|20606847|Kota Tangerang|SMAN 3 TANGERANG|Banten|525.171|675.785|412.28|447.4|SMA
77|578|87|20514347|Kab. Blitar|SMAN 1 SRENGAT|Jawa Timur|525.147|631.7|427.02|379.3|SMA
78|579|9|50101696|Kab. Badung|SMAN 1 KUTA UTARA|Bali|525.072|633.575|431.75|438.4|SMA
79|580|111|20219238|Kota Bandung|SMAN 15 BANDUNG|Jawa Barat|525.056|619.388|416.56|407.8|SMA
80|581|99|20306806|Kab. Wonosobo|SMA NEGERI 2 WONOSOBO|Jawa Tengah|525.01|618.398|446.538|308.2|SMA
81|582|8|69766189|Kota Bontang|SMAS IT DAARUL HIKMAH|Kalimantan Timur|524.941|635.49|456.95|416.2|SMA
82|583|10|50105492|Kab. Buleleng|SMAN BALI MANDARA|Bali|524.842|568.035|446.425|335.5|SMA
83|584|88|20580757|Kota Surabaya|MAS UNGGULAN AMANATUL UMMAH SURABAYA|Jawa Timur|524.804|635.008|422.833|424.1|MA
84|585|6|11002199|Kota Batam|SMAN 5 BATAM|Kepulauan Riau|524.762|621.945|408.185|412.7|SMA
85|586|112|20219324|Kota Bandung|SMAN 9 BANDUNG|Jawa Barat|524.736|627.923|423.383|367.3|SMA
86|587|100|20341603|Kab. Banyumas|SMAS AL IRSYAD AL ISLAMIYYAH|Jawa Tengah|524.708|631.395|422.82|455.8|SMA
87|588|113|20265284|Kab. Karawang|SMAS YOS SUDARSO|Jawa Barat|524.681|613.423|451.11|438.9|SMA
88|589|11|50101705|Kab. Badung|SMAN 1 KUTA|Bali|524.659|647.785|421.358|440.8|SMA
89|590|114|20219239|Kota Bandung|SMAN 14 BANDUNG|Jawa Barat|524.657|634.16|403.885|434.5|SMA
90|591|115|20277119|Kota Bogor|MAN 2 KOTA BOGOR|Jawa Barat|524.648|664.065|425.148|418.6|MA
91|592|42|20401126|Kab. Sleman|SMAN 1 PRAMBANAN|DI Yogyakarta|524.62|617.98|448.358|289.5|SMA
92|593|89|20506254|Kab. Lamongan|SMA NEGERI 2 LAMONGAN|Jawa Timur|524.589|647.47|418.395|432.1|SMA
93|594|90|20534122|Kota Madiun|SMAN 3 TARUNA ANGKASA MADIUN|Jawa Timur|524.516|609.448|409.658|382.8|SMA
94|595|6|10504553|Kota Jambi|SMAN 3 KOTA JAMBI|Jambi|524.469|655.768|429.565|458.7|SMA
95|596|116|20223040|Kota Bekasi|SMAN 9 BEKASI|Jawa Barat|524.318|617.993|392.24|405.1|SMA
96|597|117|20254097|Kab. Bogor|SMAS KETAPANG 3|Jawa Barat|524.293|597.483|456.83|36.|SMA
97|598|118|20229166|Kota Depok|SMAN 4 KOTA DEPOK|Jawa Barat|524.258|631.76|391.585|410.3|SMA
98|599|91|20508480|Kab. Ngawi|SMAN 1 NGAWI|Jawa Timur|524.242|634.18|418.843|370.9|SMA
99|600|101|20321428|Kab. Temanggung|SMA NEGERI 1 PARAKAN|Jawa Tengah|524.209|616.693|448.895|332.|SMA
0|601|102|20323398|Kab. Pekalongan|SMA NEGERI 1 KAJEN|Jawa Tengah|524.192|628.273|427.853|383.1|SMA
1|602|15|10303610|Kota Padang Panjang|SMAN 2 PADANG PANJANG|Sumatera Barat|524.183|604.515|434.57|334.2|SMA
2|603|9|30401787|Kota Bontang|SMAS YAYASAN PENDIDIKAN VIDYA DAHANA PATRA|Kalimantan Timur|524.179|627.308|441.935|388.8|SMA
3|604|92|20533661|Kota Malang|SMAN 10|Jawa Timur|524.16|623.995|419.905|352.6|SMA
4|605|95|20103299|Kota Jakarta Timur|SMAN 89 JAKARTA|DKI Jakarta|524.143|622.553|417.163|376.7|SMA
5|606|7|10504684|Kota Jambi|SMAN 1 KOTA JAMBI|Jambi|524.122|660.698|410.8|439.6|SMA
6|607|96|20102566|Kota Jakarta Selatan|SMAN 82 JAKARTA|DKI Jakarta|524.12|616.543|415.303|373.8|SMA
7|608|39|20613768|Kota Tangerang Selatan|SMAN 6 KOTA TANGERANG SELATAN|Banten|524.093|606.055|398.73|396.5|SMA
8|609|9|10600905|Kab. Muara Enim|SMAN 1 UNGGULAN MUARA ENIM|Sumatera Selatan|523.751|629.355|419.5|412.3|SMA
9|610|97|20103784|Kota Jakarta Timur|SMKN 48 JAKARTA|DKI Jakarta|523.749|618.86|448.775|368.5|SMK
10|611|93|20533638|Kota Malang|SMAS KATOLIK COR YESU|Jawa Timur|523.693|600.35|439.73|365.2|SMA
11|612|98|20102573|Kota Jakarta Selatan|SMAN 60 JAKARTA|DKI Jakarta|523.69|615.245|432.255|361.8|SMA
12|613|103|20331978|Kota Magelang|SMAN 2 MAGELANG|Jawa Tengah|523.623|620.488|429.095|361.|SMA
13|614|94|20540294|Kab. Jombang|SMA DARUL ULUM 2 UNGGULAN BPPT|Jawa Timur|523.596|662.778|419.938|436.|SMA
14|615|119|20224136|Kota Cimahi|SMK NEGERI 1 CIMAHI|Jawa Barat|523.581|629.175|452.823|389.6|SMK
15|616|104|20363060|Kota Surakarta|MAN 1 SURAKARTA|Jawa Tengah|523.567|626.175|421.54|385.9|MA
16|617|95|20504478|Kab. Bojonegoro|SMAN 2 BOJONEGORO|Jawa Timur|523.524|632.958|440.31|332.9|SMA
17|618|105|20320385|Kab. Semarang|SMA NEGERI 1 BRINGIN|Jawa Tengah|523.486|583.925|434.795|372.3|SMA
18|619|106|20363211|Kab. Semarang|MAS AL IRSYAD|Jawa Tengah|523.458|608.465|440.135|455.3|MA
19|620|120|20219306|Kota Bandung|SMAN 6 BANDUNG|Jawa Barat|523.415|612.89|428.883|399.4|SMA
20|621|16|10303905|Kota Payakumbuh|SMAN 2 PAYAKUMBUH|Sumatera Barat|523.347|640.325|420.925|394.3|SMA
21|622|99|20103291|Kota Jakarta Timur|SMAN 104 JAKARTA|DKI Jakarta|523.252|626.385|407.87|350.9|SMA
22|623|121|20231317|Kab. Bogor|SMAS MARSUDIRINI|Jawa Barat|523.104|624.688|419.878|531.5|SMA
23|624|100|20109513|Kota Jakarta Selatan|SMAS HIGH SCOPE|DKI Jakarta|523.1|599.225|446.925|40.|SMA
24|625|122|20219250|Kota Bandung|SMAN 22 BANDUNG|Jawa Barat|523.042|624.005|416.795|449.7|SMA
25|626|17|10302476|Kab. Tanah Datar|SMAN 1 BATU SANGKAR|Sumatera Barat|523.033|618.698|398.63|386.2|SMA
26|627|4|30304468|Kota Banjarmasin|SMAS KRISTEN KANAAN|Kalimantan Selatan|522.953|623.045|431.61|421.9|SMA
27|628|123|20231704|Kota Bekasi|SMAS ANANDA|Jawa Barat|522.946|625.565|448.395|423.7|SMA
28|629|124|20270492|Kota Depok|SMAN 8 DEPOK|Jawa Barat|522.906|610.665|388.29|402.1|SMA
29|630|40|20603270|Kota Tangerang Selatan|SMAN 4 KOTA TANGERANG SELATAN|Banten|522.852|644.155|410.283|412.2|SMA
30|631|101|20102211|Kota Jakarta Selatan|SMAN 43 JAKARTA|DKI Jakarta|522.841|605.993|429.348|339.4|SMA
31|632|43|20400380|Kab. Bantul|SMA NEGERI 2 BANGUNTAPAN|DI Yogyakarta|522.759|606.32|436.715|291.1|SMA
32|633|107|20328939|Kota Semarang|SMA NEGERI 09|Jawa Tengah|522.728|646.17|450.993|308.1|SMA
33|634|102|20103258|Kota Jakarta Timur|SMAN 93 JAKARTA|DKI Jakarta|522.673|626.955|414.973|368.4|SMA
34|635|125|20258092|Kota Bandung|SMAS MUTIARA BUNDA|Jawa Barat|522.649|604.21|440.92|432.5|SMA
35|636|5|30304598|Kota Banjarbaru|SMAN 2 BANJARBARU|Kalimantan Selatan|522.522|617.87|426.495|404.1|SMA
36|637|108|20300727|Kab. Cilacap|SMA NEGERI 3 CILACAP|Jawa Tengah|522.501|604.77|411.82|357.8|SMA
37|638|126|20220273|Kota Bogor|SMKN 1 BOGOR|Jawa Barat|522.499|622.295|438.033|343.2|SMK
38|639|44|60724851|Kab. Sleman|SMAS MUHAMMADIYAH BOARDING SCHOOL (MBS) SLEMAN|DI Yogyakarta|522.466|653.065|418.945|411.|SMA
39|640|96|69965070|Kab. Malang|SMA TAZKIA IIBS|Jawa Timur|522.458|605.855|387.368|435.8|SMA
40|641|97|20532088|Kota Surabaya|SMAS KATOLIK ST CAROLUS|Jawa Timur|522.396|608.158|447.438|408.4|SMA
41|642|45|20402810|Kab. Kulon Progo|SMA NEGERI 1 PENGASIH|DI Yogyakarta|522.347|615.718|446.95|338.6|SMA
42|643|12|69765014|Kota Denpasar|SMAS ALBANNA|Bali|522.297|623.303|422.575|435.4|SMA
43|644|6|30304260|Kota Banjarmasin|SMAN 7 BANJARMASIN|Kalimantan Selatan|522.229|640.758|401.74|454.3|SMA
44|645|6|10805055|Kab. Pringsewu|SMAN 1 PRINGSEWU|Lampung|522.11|637.868|424.133|417.|SMA
45|646|46|20400416|Kab. Bantul|SMK NEGERI 1 BANTUL|DI Yogyakarta|522.028|615.448|438.255|295.6|SMK
46|647|7|11000433|Kota Tanjungpinang|SMAN 1 TANJUNG PINANG|Kepulauan Riau|522.018|634.353|431.04|434.8|SMA
47|648|47|20363269|Kab. Bantul|MAS ISLAMIC CENTRE BIN BAZ|DI Yogyakarta|522.011|628.|446.458|383.6|MA
48|649|103|20100211|Kota Jakarta Pusat|SMAN 4 JAKARTA|DKI Jakarta|521.96|634.643|438.075|350.4|SMA
49|650|13|50103181|Kota Denpasar|SMAS K SANTO YOSEPH DENPASAR|Bali|521.94|621.355|423.34|436.3|SMA
50|651|109|20361201|Kab. Sukoharjo|SMAS INSAN CENDIKIA AL-MUJTABA|Jawa Tengah|521.89|612.115|410.025|440.8|SMA
51|652|5|10900452|Kab. Belitung|SMKN 1 TANJUNGPANDAN|Kepulauan Bangka Belitung|521.836|614.743|459.51|419.1|SMK
52|653|98|20523828|Kab. Jember|SMAN AMBULU|Jawa Timur|521.773|615.975|415.708|379.3|SMA
53|654|110|20327608|Kota Magelang|SMKN 1 MAGELANG|Jawa Tengah|521.723|612.903|433.263|345.|SMK
54|655|14|10400870|Kab. Bengkalis|SMAS CENDANA MANDAU|Riau|521.7|642.865|421.048|475.9|SMA
55|656|111|20309690|Kab. Klaten|SMAN 3 KLATEN|Jawa Tengah|521.688|629.123|420.448|334.5|SMA
56|657|99|20507733|Kab. Madiun|SMAN 1 MEJAYAN|Jawa Timur|521.68|603.613|418.52|328.5|SMA
57|658|112|20320369|Kab. Semarang|SMA NEGERI 1 SURUH|Jawa Tengah|521.657|597.62|440.965|449.|SMA
58|659|113|20330330|Kab. Kebumen|SMKN 1 GOMBONG|Jawa Tengah|521.654|653.383|441.163|326.6|SMK
59|660|16|10206580|Kab. Tapanuli Tengah|SMAN 1 MATAULI PANDAN|Sumatera Utara|521.613|646.58|414.395|449.6|SMA
60|661|127|20200686|Kab. Bogor|SMAS DWI WARNA|Jawa Barat|521.597|639.785|405.243|509.7|SMA
61|662|128|69774555|Kota Bekasi|SMA ISLAM AL-AZHAR 8|Jawa Barat|521.567|618.36|425.655|400.2|SMA
62|663|48|69965701|Kab. Kulon Progo|SMAIT ABU BAKAR BOARDING SCHOOL KULON PROGO|DI Yogyakarta|521.52|624.37|431.47|465.5|SMA
63|664|7|10807070|Kota Bandar Lampung|SMAN 9 BANDAR LAMPUNG|Lampung|521.517|625.785|409.973|443.9|SMA
64|665|129|20200685|Kab. Bogor|SMAN 1 CIAWI BOGOR|Jawa Barat|521.509|623.25|423.225|406.7|SMA
65|666|130|20268809|Kota Depok|SMAS IT NURURRAHMAN|Jawa Barat|521.482|618.588|440.793|369.9|SMA
66|667|2|69978360|Kab. Bengkulu Tengah|MAN INSAN CENDEKIA BENGKULU TENGAH|Bengkulu|521.479|616.413|466.618|387.1|MA
67|668|131|20223032|Kota Bekasi|SMAN 11 BEKASI|Jawa Barat|521.454|628.163|393.885|428.|SMA
68|669|114|20310495|Kab. Sukoharjo|SMAS ASSALAM SUKOHARJO|Jawa Tengah|521.405|638.758|424.188|447.9|SMA
69|670|100|20529954|Kab. Sumenep|SMAN 1 SUMENEP|Jawa Timur|521.359|639.348|429.428|402.4|SMA
70|671|115|20307727|Kab. Magelang|SMAN 1 GRABAG|Jawa Tengah|521.354|624.375|434.038|409.9|SMA
71|672|104|20100780|Kota Jakarta Utara|SMAN 80 JAKARTA|DKI Jakarta|521.349|618.315|393.755|351.2|SMA
72|673|116|20320244|Kab. Semarang|SMA NEGERI 1 TENGARAN|Jawa Tengah|521.325|612.613|428.855|364.6|SMA
73|674|105|20107306|Kota Jakarta Selatan|SMAS ISLAM AL-AZHAR 3 JAKARTA|DKI Jakarta|521.316|624.678|408.218|446.4|SMA
74|675|106|20177948|Kota Jakarta Selatan|MAS PEMBANGUNAN UIN|DKI Jakarta|521.283|615.443|427.698|419.1|MA
75|676|132|20221561|Kota Sukabumi|SMAN 3 SUKABUMI|Jawa Barat|521.275|633.813|416.743|475.1|SMA
76|677|15|10404988|Kota Dumai|SMAN BINSUS KOTA DUMAI|Riau|521.26|632.11|436.978|399.4|SMA
77|678|101|20532218|Kota Surabaya|SMAN 18 SURABAYA|Jawa Timur|521.178|628.498|423.993|367.1|SMA
78|679|49|20402127|Kab. Gunung Kidul|SMAN 2 PLAYEN|DI Yogyakarta|521.135|595.975|444.115|307.7|SMA
79|680|133|20231316|Kab. Bogor|SMAS MARDI WALUYA|Jawa Barat|521.107|620.808|437.798|402.8|SMA
80|681|117|20324218|Kab. Pemalang|SMAN 1 COMAL|Jawa Tengah|521.082|616.678|422.105|362.4|SMA
81|682|7|40314696|Kota Makassar|SMKN 11 MAKASSAR|Sulawesi Selatan|521.081|640.608|444.233|479.6|SMK
82|683|50|20402817|Kab. Kulon Progo|SMK N 2 PENGASIH|DI Yogyakarta|521.069|614.978|465.045|313.|SMK
83|684|41|20606829|Kota Tangerang|SMAN 7 TANGERANG|Banten|521.068|625.565|425.273|410.6|SMA
84|685|102|20535052|Kota Blitar|SMAN 3 BLITAR|Jawa Timur|521.063|628.903|420.64|388.3|SMA
85|686|103|20577343|Kab. Malang|SMAS AR-ROHMAH PUTRI BOARDING SCHOOL DAU|Jawa Timur|521.|640.74|432.87|430.9|SMA
86|687|10|30401786|Kota Bontang|SMAN 1 BONTANG|Kalimantan Timur|520.992|616.175|430.513|354.3|SMA
87|688|118|20363221|Kab. Sukoharjo|MAS PPMI ASSALAAM|Jawa Tengah|520.949|637.715|408.738|447.7|MA
88|689|119|20330332|Kab. Kebumen|SMKN 1 KEBUMEN|Jawa Tengah|520.94|590.173|436.35|323.9|SMK
89|690|120|20308442|Kab. Boyolali|SMAN 1 SIMO|Jawa Tengah|520.83|619.488|447.725|352.2|SMA
90|691|121|20303231|Kab. Purbalingga|SMAN 1 BOBOTSARI|Jawa Tengah|520.79|627.083|441.205|354.7|SMA
91|692|14|50100843|Kab. Jembrana|SMAN 1 NEGARA|Bali|520.784|643.978|431.933|420.1|SMA
92|693|51|20403227|Kota Yogyakarta|SMAS BOPKRI 1|DI Yogyakarta|520.69|600.39|416.238|349.4|SMA
93|694|18|69964938|Kab. Pasaman|SMA NEGERI 3 SUMATERA BARAT|Sumatera Barat|520.682|637.885|450.133|439.1|SMA
94|695|42|69943715|Kota Tangerang Selatan|SMA AL ADZKAR|Banten|520.669|601.735|459.683|310.9|SMA
95|696|107|20103279|Kota Jakarta Timur|SMAN 9 JAKARTA|DKI Jakarta|520.654|618.03|430.293|343.8|SMA
96|697|52|20401125|Kab. Sleman|SMAN 1 SEYEGAN|DI Yogyakarta|520.649|602.915|411.373|308.9|SMA
97|698|134|69866096|Kab. Bogor|SMA AL MINHAJ|Jawa Barat|520.645|605.503|424.838|397.5|SMA
98|699|135|20220322|Kota Bogor|SMAS BINA INSANI|Jawa Barat|520.624|617.055|436.128|408.7|SMA
99|700|136|20224510|Kota Tasikmalaya|SMA Negeri 2 Tasikmalaya|Jawa Barat|520.61|633.603|412.628|458.2|SMA
0|701|16|10403996|Kota Pekanbaru|SMAS CENDANA|Riau|520.542|630.875|410.053|488.1|SMA
1|702|104|20510147|Kab. Ponorogo|SMAN 2 PONOROGO|Jawa Timur|520.458|634.188|423.518|332.5|SMA
2|703|122|20312173|Kab. Karanganyar|SMAN KARANGPANDAN|Jawa Tengah|520.421|641.293|423.25|333.4|SMA
3|704|108|20100219|Kota Jakarta Pusat|SMAN 24 JAKARTA|DKI Jakarta|520.404|595.635|426.515|350.4|SMA
4|705|53|20402796|Kab. Kulon Progo|SMA NEGERI 1 SENTOLO|DI Yogyakarta|520.402|616.685|452.29|341.1|SMA
5|706|137|20220313|Kota Bogor|SMAS MARDI YUANA|Jawa Barat|520.372|634.475|411.78|430.2|SMA
6|707|105|20522640|Kab. Situbondo|SMAN 1 SITUBONDO|Jawa Timur|520.361|620.913|422.643|424.1|SMA
7|708|138|20231720|Kota Bekasi|SMAN 14 BEKASI|Jawa Barat|520.352|623.498|402.778|408.8|SMA
8|709|106|20511953|Kab. Kediri|SMAN 1 PARE|Jawa Timur|520.305|622.455|431.47|335.5|SMA
9|710|109|20103289|Kota Jakarta Timur|SMAN 106 JAKARTA|DKI Jakarta|520.233|629.533|434.633|332.7|SMA
10|711|123|20305013|Kab. Kebumen|SMAN 1 KUTOWINANGUN|Jawa Tengah|520.198|631.665|428.79|362.9|SMA
11|712|124|20309681|Kab. Klaten|SMAN 1 JOGONALAN|Jawa Tengah|520.142|632.415|437.823|350.8|SMA
12|713|139|20219316|Kota Bandung|SMAN 7 BANDUNG|Jawa Barat|520.133|609.588|430.23|391.2|SMA
13|714|140|20219247|Kota Bandung|SMAN 25 BANDUNG|Jawa Barat|520.118|609.888|417.335|405.|SMA
14|715|107|20534749|Kota Mojokerto|SMAN 2|Jawa Timur|520.038|624.185|395.648|366.5|SMA
15|716|125|20300731|Kab. Cilacap|SMA NEGERI 1 MAOS|Jawa Tengah|520.022|599.608|427.768|351.4|SMA
16|717|110|20100210|Kota Jakarta Pusat|SMAN 5 JAKARTA|DKI Jakarta|519.959|612.083|399.433|361.1|SMA
17|718|126|20319280|Kab. Demak|SMAN 1 DEMAK|Jawa Tengah|519.892|608.545|420.638|366.|SMA
18|719|141|20263963|Kab. Majalengka|SMKN KEHUTANAN KADIPATEN|Jawa Barat|519.836|608.093|440.22|338.5|SMK
19|720|127|20314884|Kab. Blora|SMAN 1 CEPU|Jawa Tengah|519.824|619.308|432.755|405.7|SMA
20|721|19|10300299|Kab. Agam|SMA NEGERI 1 AMPEK ANGKEK|Sumatera Barat|519.818|641.695|398.35|410.7|SMA
21|722|128|20337795|Kab. Boyolali|SMAS IT AL HIKMAH KARANGGEDE|Jawa Tengah|519.756|635.315|436.163|484.8|SMA
22|723|111|20103769|Kota Jakarta Timur|SMK CARAKA NUSANTARA|DKI Jakarta|519.737|604.055|459.233|321.5|SMK
23|724|129|20329508|Kota Pekalongan|SMA Negeri 3 Pekalongan|Jawa Tengah|519.699|622.105|432.908|347.4|SMA
24|725|1|69767796|Kota Kupang|SMAS KRISTEN 2 KUPANG|Nusa Tenggara Timur|519.607|583.063|465.745|303.7|SMA
25|726|130|20327586|Kota Magelang|SMKN 2 MAGELANG|Jawa Tengah|519.593|602.33|433.028|320.7|SMK
26|727|15|P9908600|Kota Denpasar|PKBM HOMESCHOOLING PRIMAGAMA|Bali|519.59|602.008|406.003|562.8|PKBM
27|728|54|20402788|Kab. Kulon Progo|SMK NEGERI 1 PENGASIH|DI Yogyakarta|519.534|599.205|450.475|321.3|SMK
28|729|108|20546529|Kab. Probolinggo|SMA TARUNA DRA. ZULAEHA|Jawa Timur|519.494|615.71|420.683|434.7|SMA
29|730|109|20517736|Kab. Malang|SMAN 1 TUMPANG|Jawa Timur|519.493|626.178|405.22|398.|SMA
30|731|17|10201985|Kab. Karo|SMA NEGERI 1 KABANJAHE|Sumatera Utara|519.493|647.155|378.39|472.5|SMA
31|732|110|20507726|Kab. Madiun|SMAN 1 GEGER|Jawa Timur|519.481|633.183|413.293|349.3|SMA
32|733|131|20307710|Kab. Magelang|SMAN 1 SALAMAN|Jawa Tengah|519.472|618.573|418.385|336.|SMA
33|734|142|20220341|Kota Bogor|SMAN 10 BOGOR|Jawa Barat|519.466|620.34|399.535|412.5|SMA
34|735|55|20403157|Kota Yogyakarta|SMAS MUHAMMADIYAH 1 YOGYAKARTA|DI Yogyakarta|519.456|615.988|433.885|369.5|SMA
35|736|143|20247276|Kota Depok|SMAS LAZUARDI GIS|Jawa Barat|519.432|597.895|428.72|353.3|SMA
36|737|112|20112433|Kota Jakarta Timur|SMAS JAKARTA ISLAMIC SCHOOL|DKI Jakarta|519.235|643.818|416.778|445.4|SMA
37|738|144|20229161|Kota Depok|SMAS MARDI YUANA PANCORAN MAS|Jawa Barat|519.147|654.863|430.515|380.8|SMA
38|739|145|20219246|Kota Bandung|SMAN 19 BANDUNG|Jawa Barat|519.061|663.38|429.178|384.2|SMA
39|740|56|20363282|Kota Yogyakarta|MAN 2 YOGYAKARTA|DI Yogyakarta|519.007|622.66|434.228|323.4|MA
40|741|111|20515450|Kab. Tulungagung|SMAN 1 BOYOLANGU|Jawa Timur|519.004|627.823|410.623|382.6|SMA
41|742|146|20219240|Kota Bandung|SMAN 13 BANDUNG|Jawa Barat|518.924|614.818|412.223|350.6|SMA
42|743|112|20525855|Kab. Banyuwangi|SMAN 1 GIRI|Jawa Timur|518.914|619.428|408.138|407.6|SMA
43|744|132|20363001|Kab. Kebumen|MAS WATHONIYAH ISLAMIYAH KARANGDUWUR|Jawa Tengah|518.843|611.885|457.5|366.2|MA
44|745|133|20363090|Kab. Kudus|MAS NU BANAT KUDUS|Jawa Tengah|518.817|648.2|411.62|461.7|MA
45|746|147|20213893|Kab. Majalengka|SMAN 1 MAJALENGKA|Jawa Barat|518.771|653.218|414.2|422.8|SMA
46|747|43|69961248|Kota Cilegon|SMA IT PUTRI AL HANIF|Banten|518.759|608.838|407.103|541.|SMA
47|748|134|20328898|Kota Semarang|SMA NEGERI 15|Jawa Tengah|518.751|600.68|418.398|326.|SMA
48|749|18|10211702|Kota Pematangsiantar|SMAN 4 PEMATANG SIANTAR|Sumatera Utara|518.714|620.873|407.663|438.3|SMA
49|750|113|20521711|Kab. Bondowoso|SMAN 2 BONDOWOSO|Jawa Timur|518.709|626.558|405.045|385.6|SMA
50|751|135|20325279|Kab. Tegal|SMAN 3 SLAWI|Jawa Tengah|518.634|611.853|430.068|300.2|SMA
51|752|136|69897124|Kota Semarang|SMA ISLAM AL AZHAR 14|Jawa Tengah|518.567|607.463|432.383|455.5|SMA
52|753|148|20224112|Kota Cimahi|SMA NEGERI 5 CIMAHI|Jawa Barat|518.534|617.733|418.97|374.1|SMA
53|754|137|69894827|Kab. Karanganyar|Tahfizh Nurul Iman|Jawa Tengah|518.506|571.77|468.335|273.1|MA
54|755|114|20501703|Kab. Sidoarjo|SMAN 1 WARU|Jawa Timur|518.505|637.765|412.698|384.9|SMA
55|756|138|20328891|Kota Semarang|SMA NEGERI 07|Jawa Tengah|518.493|614.948|442.438|309.7|SMA
56|757|7|60725447|Kab. Barito Kuala|SMAS GIBS|Kalimantan Selatan|518.462|645.513|420.483|457.4|SMA
57|758|57|20407372|Kab. Sleman|SMAS TERPADU BINA UMAT|DI Yogyakarta|518.46|615.303|461.68|319.4|SMA
58|759|139|20317501|Kab. Kudus|SMAN 2 KUDUS|Jawa Tengah|518.459|621.103|425.78|352.5|SMA
59|760|140|20329845|Kota Tegal|SMAN 3 TEGAL|Jawa Tengah|518.39|610.598|428.75|314.8|SMA
60|761|19|10263550|Kab. Humbang Hasudutan|SMAN 2 LINTONGNIHUTA|Sumatera Utara|518.311|602.86|413.78|418.6|SMA
61|762|141|20363035|Kota Salatiga|MAN SALATIGA|Jawa Tengah|518.239|602.983|424.28|387.5|MA
62|763|115|20501862|Kab. Sidoarjo|SMAN 1 GEDANGAN|Jawa Timur|518.18|618.553|422.243|361.|SMA
63|764|113|20101585|Kota Jakarta Barat|SMAN 94 JAKARTA|DKI Jakarta|518.053|609.55|435.385|345.2|SMA
64|765|149|20218356|Kab. Bekasi|SMAN 1 CIKARANG UTARA|Jawa Barat|518.006|635.38|403.555|475.2|SMA
65|766|142|69829549|Kota Jakarta Selatan|SMA SYUBBANUL WATHON|Jawa Tengah|517.958|611.245|420.113|357.2|SMA
66|767|150|20222311|Kota Cirebon|SMAN 6 CIREBON|Jawa Barat|517.944|610.008|415.788|383.5|SMA
67|768|8|30300239|Kab. Banjar|SMAN 1 MARTAPURA|Kalimantan Selatan|517.899|632.86|430.545|377.1|SMA
68|769|151|20203739|Kab. Cianjur|SMAN 1 CIANJUR|Jawa Barat|517.892|636.105|420.553|42.|SMA
69|770|143|20328398|Kota Salatiga|SMAS KRISTEN 1 SIDOMUKTI|Jawa Tengah|517.888|593.858|446.8|366.3|SMA
70|771|9|30304280|Kota Banjarmasin|SMAN 1 BANJARMASIN|Kalimantan Selatan|517.843|636.435|418.99|431.4|SMA
71|772|144|20313028|Kab. Sragen|SMAN 2 SRAGEN|Jawa Tengah|517.839|613.63|434.35|335.2|SMA
72|773|116|20519303|Kab. Pasuruan|SMAN 1 BANGIL|Jawa Timur|517.758|614.22|420.673|389.7|SMA
73|774|16|50102568|Kab. Bangli|SMAN 1 BANGLI|Bali|517.751|641.333|429.655|422.9|SMA
74|775|58|20363271|Kab. Bantul|MAS ALI MAKSUM|DI Yogyakarta|517.657|610.96|421.2|407.1|MA
75|776|114|20102210|Kota Jakarta Selatan|SMAN 46 JAKARTA|DKI Jakarta|517.553|627.65|424.303|354.6|SMA
76|777|59|20400389|Kab. Bantul|SMA NEGERI 3 BANTUL|DI Yogyakarta|517.478|615.348|437.4|332.4|SMA
77|778|17|50103120|Kota Denpasar|SMAN 7 DENPASAR|Bali|517.467|633.475|402.758|421.9|SMA
78|779|145|20302168|Kab. Banyumas|SMAN 4 PURWOKERTO|Jawa Tengah|517.444|617.035|429.8|294.|SMA
79|780|115|20109516|Kota Jakarta Selatan|SMAS INTERNATIONAL ISLAMIC HIGH SCHOOL (IIHS)|DKI Jakarta|517.429|630.243|417.013|466.8|SMA
80|781|146|20327979|Kota Surakarta|SMAS MTA SURAKARTA|Jawa Tengah|517.388|624.008|411.545|405.9|SMA
81|782|116|20100212|Kota Jakarta Pusat|SMAN 35 JAKARTA|DKI Jakarta|517.321|604.245|433.765|340.1|SMA
82|783|147|20363083|Kab. Kudus|MAS MAAHID|Jawa Tengah|517.314|589.47|427.503|460.6|MA
83|784|152|20221590|Kota Sukabumi|SMAS MARDI YUANA|Jawa Barat|517.22|607.49|418.89|483.7|SMA
84|785|60|20403151|Kota Yogyakarta|SMAS BUDYA WACANA|DI Yogyakarta|517.194|609.808|443.465|382.5|SMA
85|786|6|10901003|Kab. Belitung Timur|SMAN 1 MANGGAR|Kepulauan Bangka Belitung|517.109|654.018|423.625|383.6|SMA
86|787|61|20401160|Kab. Sleman|SMAN 1 GAMPING|DI Yogyakarta|517.099|576.208|418.575|268.8|SMA
87|788|3|69766210|Kab. Kaur|SMAN 10 KAUR (PENTAGON)|Bengkulu|517.073|597.325|454.16|376.5|SMA
88|789|117|20107322|Kota Jakarta Selatan|SMAS PANGUDI LUHUR JAKARTA|DKI Jakarta|517.052|596.748|456.71|356.9|SMA
89|790|117|20534383|Kota Kediri|SMAN 7 KEDIRI|Jawa Timur|516.894|624.4|423.518|405.4|SMA
90|791|153|20237987|Kab. Bekasi|SMAN 1 CIKARANG PUSAT|Jawa Barat|516.836|640.028|411.163|423.3|SMA
91|792|118|20532261|Kota Surabaya|SMAN 7 SURABAYA|Jawa Timur|516.832|597.28|419.635|352.1|SMA
92|793|119|20533639|Kota Malang|SMAN 7|Jawa Timur|516.825|636.798|424.18|338.3|SMA
93|794|148|20332522|Kota Semarang|SMA KRISTEN TERANG BANGSA|Jawa Tengah|516.759|633.57|415.425|462.6|SMA
94|795|149|20303246|Kab. Purbalingga|SMAN 2 PURBALINGGA|Jawa Tengah|516.686|611.045|440.013|312.4|SMA
95|796|1|30201848|Kab. Kotawaringin Barat|SMAN 1 PANGKALAN BUN|Kalimantan Tengah|516.641|593.63|443.08|330.5|SMA
96|797|62|P9908270|Kota Yogyakarta|PKBM HOME SCHOOLING PRIMAGAMA|DI Yogyakarta|516.637|628.078|432.908|445.4|PKBM
97|798|154|20252020|Kab. Bekasi|SMA IIBS|Jawa Barat|516.614|613.403|428.57|422.4|SMA
98|799|8|69830525|Kab. Lampung Selatan|SMA KEBANGSAAN|Lampung|516.534|627.578|417.698|445.4|SMA
99|800|155|20215991|Kab. Indramayu|SMAN 1 SINDANG|Jawa Barat|516.517|628.503|428.588|410.8|SMA
0|801|63|69946713|Kab. Sleman|SMA ISLAM AL AZHAR 9 YOGYAKARTA|DI Yogyakarta|516.459|634.31|424.448|480.4|SMA
1|802|44|20606289|Kota Cilegon|SMAN 1 CILEGON|Banten|516.404|609.355|398.023|412.4|SMA
2|803|150|20310418|Kab. Sukoharjo|SMAN 1 TAWANGSARI|Jawa Tengah|516.403|602.73|445.225|313.7|SMA
3|804|11|69761840|Kota Samarinda|SMAS Islam Bunga Bangsa|Kalimantan Timur|516.389|606.685|456.51|399.2|SMA
4|805|64|20400373|Kab. Bantul|SMA NEGERI 1 SANDEN|DI Yogyakarta|516.374|596.155|434.89|298.|SMA
5|806|151|20306811|Kab. Wonosobo|SMK NEGERI 1 WONOSOBO|Jawa Tengah|516.314|626.243|434.948|340.2|SMK
6|807|65|20403182|Kota Yogyakarta|SMAS BOPKRI 2|DI Yogyakarta|516.295|598.57|451.08|384.|SMA
7|808|118|69967066|Kota Jakarta Timur|SMAIT Buahati Islamic School|DKI Jakarta|516.276|583.455|433.365|406.2|SMA
8|809|20|10303781|Kota Solok|SMAN 1 SOLOK|Sumatera Barat|516.272|634.315|414.078|398.4|SMA
9|810|156|20219720|Kota Bandung|SMAS DARUL HIKAM BANDUNG|Jawa Barat|516.266|597.08|430.673|416.5|SMA
10|811|152|20306172|Kab. Purworejo|SMAN 6 PURWOREJO|Jawa Tengah|516.245|610.038|437.765|312.2|SMA
11|812|120|20532243|Kota Surabaya|SMAN 10 SURABAYA|Jawa Timur|516.217|597.265|391.665|374.4|SMA
12|813|153|20302183|Kab. Banyumas|SMAN 1 JATILAWANG|Jawa Tengah|516.2|614.085|425.705|368.5|SMA
13|814|4|10107309|Kota Banda Aceh|SMAS FATIH BILINGUAL SCHOOL|Aceh|516.062|635.79|386.34|587.6|SMA
14|815|121|20584134|Kab. Blitar|MAN 1 BLITAR|Jawa Timur|516.053|636.393|438.683|380.7|MA
15|816|154|20320241|Kab. Semarang|SMA NEGERI 2 UNGARAN|Jawa Tengah|516.039|589.428|442.588|295.9|SMA
16|817|66|20403280|Kota Yogyakarta|SMKN 2 YOGYAKARTA|DI Yogyakarta|516.02|603.313|428.823|313.|SMK
17|818|155|20300732|Kab. Cilacap|SMA NEGERI 1 MAJENANG|Jawa Tengah|515.978|623.483|425.428|378.7|SMA
18|819|5|30105466|Kota Singkawang|SMAN 3 SINGKAWANG|Kalimantan Barat|515.925|600.933|423.935|382.9|SMA
19|820|156|69943795|Kota Semarang|SMA Islam Al Azhar 15|Jawa Tengah|515.865|624.378|420.045|550.9|SMA
20|821|157|20277242|Kab. Majalengka|MAS PUTRI PUI TALAGA|Jawa Barat|515.862|568.37|454.078|333.1|MA
21|822|67|20403295|Kota Yogyakarta|SMKN 7 YOGYAKARTA|DI Yogyakarta|515.842|616.473|439.905|306.|SMK
22|823|3|50204515|Kota Mataram|SMAN 5 MATARAM|Nusa Tenggara Barat|515.74|636.05|411.778|435.9|SMA
23|824|21|10307309|Kota Pariaman|SMAN 1 PARIAMAN|Sumatera Barat|515.723|612.965|385.135|427.6|SMA
24|825|157|20318318|Kab. Jepara|SMK NEGERI 3 JEPARA|Jawa Tengah|515.681|590.588|446.013|342.7|SMK
25|826|158|20312172|Kab. Karanganyar|SMAN KEBAKKRAMAT|Jawa Tengah|515.678|598.738|429.268|321.7|SMA
26|827|22|10303467|Kota Padang|SMAS DON BOSCO|Sumatera Barat|515.664|608.583|408.383|372.6|SMA
27|828|159|20362931|Kab. Jepara|MAN 1 JEPARA|Jawa Tengah|515.639|593.463|435.055|352.8|MA
28|829|18|50102366|Kab. Klungkung|SMAN 1 SEMARAPURA|Bali|515.638|635.92|405.625|441.2|SMA
29|830|119|20107289|Kota Jakarta Selatan|SMA CHARITAS|DKI Jakarta|515.603|641.088|397.903|455.8|SMA
30|831|122|20532146|Kota Surabaya|SMAS KATOLIK STELLA MARIS|Jawa Timur|515.591|602.183|449.855|448.5|SMA
31|832|68|20407373|Kota Yogyakarta|SMKS INDONESIA YOGYAKARTA|DI Yogyakarta|515.501|598.945|424.818|318.6|SMK
32|833|123|20538394|Kab. Nganjuk|SMAN 1 KERTOSONO|Jawa Timur|515.489|633.68|435.76|367.9|SMA
33|834|2|69980514|Kota Palu|MAN INSAN CENDEKIA KOTA PALU|Sulawesi Tengah|515.453|629.295|426.318|453.8|MA
34|835|12|30401058|Kota Samarinda|SMA Negeri 3 Samarinda|Kalimantan Timur|515.401|625.11|427.685|374.|SMA
35|836|120|20100223|Kota Jakarta Pusat|SMAN 27 JAKARTA|DKI Jakarta|515.353|623.59|410.063|351.7|SMA
36|837|121|20103300|Kota Jakarta Timur|SMAN 88 JAKARTA|DKI Jakarta|515.343|615.475|444.568|332.9|SMA
37|838|160|20301902|Kab. Banyumas|SMKS TELEKOMUNIKASI SANDHY PUTRA PURWOKERTO|Jawa Tengah|515.314|604.05|435.215|338.3|SMK
38|839|45|20603346|Kab. Tangerang|SMAS ISLAMIC VILLAGE|Banten|515.301|645.058|427.12|462.4|SMA
39|840|122|20103305|Kota Jakarta Timur|SMAN 64 JAKARTA|DKI Jakarta|515.289|624.99|416.813|337.2|SMA
40|841|17|10404015|Kota Pekanbaru|SMA NEGERI 4 PEKANBARU|Riau|515.268|610.948|412.4|400.3|SMA
41|842|158|20219257|Kota Bandung|SMAN 10 BANDUNG|Jawa Barat|515.217|624.275|411.985|413.|SMA
42|843|9|10807030|Kota Bandar Lampung|SMA S FRANSISCUS|Lampung|515.198|611.43|421.673|445.4|SMA
43|844|23|10307525|Kota Bukittinggi|SMAN 3 BUKITTINGGI|Sumatera Barat|515.185|632.238|418.828|379.3|SMA
44|845|8|69814064|Kab. Toraja Utara|SMAS KRISTEN 2 RANTEPAO|Sulawesi Selatan|515.124|638.655|433.618|457.8|SMA
45|846|69|20402116|Kab. Gunung Kidul|SMAN 1 SEMIN|DI Yogyakarta|515.085|590.253|452.378|345.3|SMA
46|847|10|30315550|Kab. Hulu Sungai Utara|MAN 2 HULU SUNGAI UTARA|Kalimantan Selatan|514.999|605.86|458.353|404.|MA
47|848|70|20404175|Kota Yogyakarta|SMAS PANGUDI LUHUR|DI Yogyakarta|514.964|604.538|440.553|316.2|SMA
48|849|161|20309526|Kab. Klaten|SMKN 2 KLATEN|Jawa Tengah|514.963|615.638|445.445|320.4|SMK
49|850|24|10263753|Kota Padang Panjang|MAS KMI DINIYAH PUTERI|Sumatera Barat|514.897|584.443|415.253|367.8|MA
50|851|162|20311331|Kab. Wonogiri|SMAN 2 WONOGIRI|Jawa Tengah|514.877|614.323|415.94|331.4|SMA
51|852|13|30401066|Kota Samarinda|SMA Negeri 1 Samarinda|Kalimantan Timur|514.865|634.543|428.935|415.6|SMA
52|853|25|10307524|Kota Bukittinggi|SMAN 2 BUKITTINGGI|Sumatera Barat|514.858|619.44|409.313|398.2|SMA
53|854|159|20257102|Kab. Bekasi|SMAS IT THORIQ BIN ZIYAD|Jawa Barat|514.702|634.243|409.01|457.9|SMA
54|855|123|20103312|Kota Jakarta Timur|SMAN 51 JAKARTA|DKI Jakarta|514.693|624.563|398.478|348.3|SMA
55|856|124|20103287|Kota Jakarta Timur|SMAN 11 JAKARTA|DKI Jakarta|514.675|609.56|429.598|333.4|SMA
56|857|163|20318337|Kab. Jepara|SMA NEGERI 1 WELAHAN|Jawa Tengah|514.663|617.203|420.26|388.5|SMA
57|858|7|10900238|Kab. Bangka|SMAN 1 BELINYU|Kepulauan Bangka Belitung|514.621|612.66|441.815|378.9|SMA
58|859|71|20403146|Kota Yogyakarta|SMAS STELLA DUCE 2|DI Yogyakarta|514.616|618.238|409.215|425.8|SMA
59|860|164|20300729|Kab. Cilacap|SMA NEGERI 1 SIDAREJA|Jawa Tengah|514.6|608.425|389.773|381.1|SMA
60|861|165|20326490|Kab. Brebes|SMAN 1 BUMIAYU|Jawa Tengah|514.591|654.04|424.105|366.7|SMA
61|862|1|30401697|Kota Tarakan|SMAN 1 TARAKAN|Kalimantan Utara|514.583|626.753|407.033|429.6|SMA
62|863|125|20177928|Kota Jakarta Selatan|MAN 13 JAKARTA|DKI Jakarta|514.575|611.238|417.855|383.5|MA
63|864|8|11000382|Kota Batam|SMKN 1 BATAM|Kepulauan Riau|514.568|586.7|435.425|340.4|SMK
64|865|2|60103098|Kota Ambon|SMAN SIWALIMA AMBON|Maluku|514.554|606.478|431.673|357.8|SMA
65|866|126|20101500|Kota Jakarta Barat|SMKN 42 JAKARTA|DKI Jakarta|514.467|610.38|462.048|345.1|SMK
66|867|124|20503407|Kab. Jombang|SMA NEGERI NGORO|Jawa Timur|514.466|603.538|414.788|381.3|SMA
67|868|125|20535465|Kota Pasuruan|UPT SMA NEGERI 2 PASURUAN|Jawa Timur|514.464|641.36|413.278|367.1|SMA
68|869|160|20221587|Kota Sukabumi|SMAS PESANTREN TERPADU HAYATAN THAYYIBAH|Jawa Barat|514.427|645.888|412.28|541.6|SMA
69|870|19|50103122|Kota Denpasar|SMAN 5 DENPASAR|Bali|514.417|621.268|413.553|381.8|SMA
70|871|46|20613785|Kab. Tangerang|SMAN 23 KABUPATEN TANGERANG|Banten|514.404|603.943|419.735|375.4|SMA
71|872|161|20206227|Kab. Bandung Barat|SMAN 1 CISARUA|Jawa Barat|514.35|628.465|402.058|409.5|SMA
72|873|162|69874079|Kab. Bogor|SMA REGINA CAELI|Jawa Barat|514.349|581.98|460.978|369.2|SMA
73|874|126|20503415|Kab. Jombang|SMA NEGERI 1 JOMBANG|Jawa Timur|514.292|615.878|412.528|363.7|SMA
74|875|166|20339022|Kab. Pati|SMA NEGERI 1 TAYU|Jawa Tengah|514.274|619.355|424.56|343.7|SMA
75|876|72|20401136|Kab. Sleman|SMKN 1 TEMPEL|DI Yogyakarta|514.22|589.318|447.685|346.|SMK
76|877|8|10901019|Kab. Belitung Timur|SMAN 1 KELAPA KAMPIT|Kepulauan Bangka Belitung|514.21|596.958|439.175|360.6|SMA
77|878|20|50103126|Kota Denpasar|SMAN 2 DENPASAR|Bali|514.184|628.738|411.253|433.7|SMA
78|879|127|20101604|Kota Jakarta Barat|SMAN 57 JAKARTA|DKI Jakarta|514.088|612.325|417.415|349.9|SMA
79|880|3|40203776|Kota Palu|SMAN MODEL TERPADU MADANI|Sulawesi Tengah|514.077|614.1|409.675|418.|SMA
80|881|127|20534408|Kota Kediri|SMKN 2 KEDIRI|Jawa Timur|514.009|591.843|432.045|358.3|SMK
81|882|163|20219775|Kota Bandung|SMAS PLUS MUTHAHHARI|Jawa Barat|513.993|632.94|423.73|535.3|SMA
82|883|128|69856217|Kab. Sidoarjo|SMA PEMBANGUNAN JAYA 2|Jawa Timur|513.891|636.39|431.4|587.4|SMA
83|884|164|20219141|Kota Bandung|SMKN 7 BANDUNG|Jawa Barat|513.848|595.76|425.838|364.8|SMK
84|885|165|20219235|Kota Bandung|SMAN 17 BANDUNG|Jawa Barat|513.842|620.558|438.825|356.1|SMA
85|886|129|20580048|Kota Madiun|MAN 2 KOTA MADIUN|Jawa Timur|513.838|634.158|421.338|422.4|MA
86|887|73|20401128|Kab. Sleman|SMAN 1 NGEMPLAK|DI Yogyakarta|513.784|606.24|449.37|325.4|SMA
87|888|130|20501700|Kab. Sidoarjo|SMAN 4 SIDOARJO|Jawa Timur|513.774|594.67|405.403|372.3|SMA
88|889|14|30401785|Kota Bontang|SMAN 2 BONTANG|Kalimantan Timur|513.714|593.035|420.303|353.3|SMA
89|890|128|20101621|Kota Jakarta Barat|SMAN 23 JAKARTA|DKI Jakarta|513.701|611.08|417.003|339.4|SMA
90|891|167|20326488|Kab. Brebes|SMAN 1 BREBES|Jawa Tengah|513.65|626.528|427.12|385.|SMA
91|892|166|20270720|Kab. Bogor|SMAS ISLAM HASMI|Jawa Barat|513.606|599.38|439.785|417.8|SMA
92|893|6|69976449|Kab. Sambas|MAN INSAN CENDEKIA SAMBAS|Kalimantan Barat|513.589|599.718|437.68|357.|MA
93|894|74|20401193|Kab. Sleman|SMKN 1 DEPOK|DI Yogyakarta|513.535|587.533|438.425|332.6|SMK
94|895|75|20400374|Kab. Bantul|SMA NEGERI 1 PUNDONG|DI Yogyakarta|513.476|613.588|424.183|361.2|SMA
95|896|131|20580301|Kab. Jember|MAS MUHAMMADIYAH 1 JEMBER|Jawa Timur|513.472|576.038|462.07|279.6|MA
96|897|4|50202522|Kab. Lombok Timur|SMAN 1 SELONG|Nusa Tenggara Barat|513.421|631.143|428.473|432.8|SMA
97|898|168|20331830|Kota Surakarta|SMKS FARMASI NASIONAL SURAKARTA|Jawa Tengah|513.392|589.975|443.593|339.8|SMK
98|899|169|20318339|Kab. Jepara|SMA NEGERI 1 PECANGAAN|Jawa Tengah|513.357|619.925|422.99|368.4|SMA
99|900|170|20328448|Kota Salatiga|SMAN 2 SALATIGA|Jawa Tengah|513.224|625.86|447.725|354.2|SMA
0|901|132|20534308|Kota Kediri|SMAS AR RISALAH|Jawa Timur|513.197|622.288|437.65|472.5|SMA
1|902|76|20401137|Kab. Sleman|SMKN 1 GODEAN|DI Yogyakarta|513.158|605.183|429.548|314.5|SMK
2|903|133|20532167|Kota Surabaya|SMAS LUQMAN AL HAKIM|Jawa Timur|513.141|631.903|400.46|483.9|SMA
3|904|7|30101943|Kab. Sanggau|SMAN 1 SANGGAU|Kalimantan Barat|513.092|644.778|416.213|412.3|SMA
4|905|18|10403425|Kab. Siak|SMAN 1 TUALANG|Riau|513.026|638.783|416.933|425.4|SMA
5|906|171|20328460|Kota Salatiga|SMKN 2 SALATIGA|Jawa Tengah|513.014|592.225|442.138|321.2|SMK
6|907|9|40307392|Kota Makassar|SMAN 5 MAKASSAR|Sulawesi Selatan|512.963|622.178|381.173|454.2|SMA
7|908|4|10700669|Kab. Rejang Lebong|SMAN 1 REJANG LEBONG|Bengkulu|512.95|634.673|393.855|441.1|SMA
8|909|172|20330335|Kab. Kebumen|SMKN 2 KEBUMEN|Jawa Tengah|512.941|603.063|404.583|366.2|SMK
9|910|167|20280328|Kab. Garut|MAS PERSIS TAROGONG|Jawa Barat|512.935|627.508|423.753|386.5|MA
10|911|47|20623275|Kota Serang|MAN 2 KOTA SERANG|Banten|512.904|632.703|410.258|445.3|MA
11|912|129|20103280|Kota Jakarta Timur|SMAN 36 JAKARTA|DKI Jakarta|512.892|615.363|424.373|351.6|SMA
12|913|134|20523826|Kab. Jember|SMAN 4 JEMBER|Jawa Timur|512.844|609.113|426.758|389.|SMA
13|914|168|20200601|Kab. Bogor|SMAN 1 LEUWILIANG|Jawa Barat|512.835|635.268|414.213|385.5|SMA
14|915|15|30401059|Kota Samarinda|SMA Negeri 2 Samarinda|Kalimantan Timur|512.818|599.465|421.36|360.3|SMA
15|916|10|10609706|Kota Palembang|SMA XAVERIUS 03 PALEMBANG|Sumatera Selatan|512.778|630.023|424.235|441.|SMA
16|917|169|20208419|Kab. Sumedang|SMAN 1 SUMEDANG|Jawa Barat|512.765|649.923|401.33|448.3|SMA
17|918|130|20100779|Kota Jakarta Utara|SMAN 75 JAKARTA|DKI Jakarta|512.751|602.198|403.868|345.2|SMA
18|919|170|20206208|Kab. Bandung Barat|SMAN 1 PADALARANG|Jawa Barat|512.75|616.825|438.745|360.9|SMA
19|920|48|69893966|Kota Tangerang Selatan|SMA GLOBAL ISLAMIC SCHOOL 2|Banten|512.728|592.52|415.518|395.1|SMA
20|921|171|20251793|Kab. Bandung|SMAN 1 CILEUNYI|Jawa Barat|512.707|635.233|424.678|401.2|SMA
21|922|26|10303504|Kota Padang|SMAN 7 PADANG|Sumatera Barat|512.659|621.633|415.918|373.4|SMA
22|923|49|20603164|Kab. Tangerang|SMAS DAAR EL QOLAM|Banten|512.656|601.02|437.78|341.9|SMA
23|924|173|20325258|Kab. Tegal|SMKN 1 SLAWI|Jawa Tengah|512.631|609.783|420.098|325.|SMK
24|925|20|10219919|Kab. Deli Serdang|SMAS HARAPAN 3 DELI TUA|Sumatera Utara|512.529|622.875|422.798|449.8|SMA
25|926|172|20223068|Kota Bekasi|SMAS PANGUDI LUHUR II|Jawa Barat|512.519|599.315|426.533|373.4|SMA
26|927|135|20584790|Kab. Tulungagung|MAN 2 TULUNGAGUNG|Jawa Timur|512.502|624.043|422.233|384.2|MA
27|928|19|10497348|Kota Pekanbaru|SMK KEHUTANAN NEGERI PEKANBARU|Riau|512.496|583.49|421.938|354.4|SMK
28|929|173|20219237|Kota Bandung|SMAN 16 BANDUNG|Jawa Barat|512.495|661.278|407.728|354.4|SMA
29|930|136|20541242|Kab. Bojonegoro|SMAN 1 SUMBERREJO|Jawa Timur|512.366|589.895|427.943|361.9|SMA
30|931|50|69859757|Kota Tangerang Selatan|SMA INSAN RABBANY|Banten|512.282|616.75|436.49|485.5|SMA
31|932|77|20402089|Kab. Gunung Kidul|SMKN 2 WONOSARI|DI Yogyakarta|512.275|610.61|441.955|325.5|SMK
32|933|174|20338920|Kab. Pekalongan|SMK NEGERI 1 SRAGI|Jawa Tengah|512.203|581.555|442.743|345.1|SMK
33|934|137|60726350|Kab. Bojonegoro|SMAS PLUS AL FATIMAH|Jawa Timur|512.183|596.9|428.35|391.8|SMA
34|935|131|20177927|Kota Jakarta Selatan|MAN 7 JAKARTA|DKI Jakarta|512.152|619.593|409.573|386.7|MA
35|936|138|20519328|Kab. Pasuruan|SMAS AL - MA HADUL ISLAMI BEJI|Jawa Timur|512.148|601.933|435.018|411.6|SMA
36|937|11|10603865|Kota Palembang|SMA NEGERI 01 PALEMBANG|Sumatera Selatan|512.142|640.025|409.723|466.6|SMA
37|938|51|20606271|Kota Cilegon|SMAN 2 KRAKATAU STEEL CILEGON|Banten|512.137|644.178|402.665|405.9|SMA
38|939|139|20520821|Kab. Lumajang|SMAN 1 LUMAJANG|Jawa Timur|512.111|613.408|426.74|358.5|SMA
39|940|140|20584211|Kab. Malang|MAN 1 MALANG|Jawa Timur|512.099|596.553|428.233|358.6|MA
40|941|175|20362426|Kab. Sukoharjo|SMAS ISLAM AL-AZHAR SOLO BARU|Jawa Tengah|512.056|624.58|435.538|354.8|SMA
41|942|174|20276187|Kota Depok|SMAN 9 DEPOK|Jawa Barat|512.043|607.253|395.798|405.2|SMA
42|943|132|20103282|Kota Jakarta Timur|SMAN 22 JAKARTA|DKI Jakarta|512.024|586.56|428.453|317.5|SMA
43|944|27|10307616|Kota Padang|SMKN ANALIS KIMIA PADANG|Sumatera Barat|512.021|572.14|460.203|292.9|SMK
44|945|176|20330346|Kota Surakarta|SMAS AL ISLAM 1 SURAKARTA|Jawa Tengah|511.95|622.625|410.48|421.5|SMA
45|946|175|69954194|Kab. Bekasi|SMA ISLAM AL - AZHAR 18 GRAND WISATA|Jawa Barat|511.945|632.51|435.163|378.4|SMA
46|947|177|20312189|Kab. Karanganyar|SMAN 2 KARANGANYAR|Jawa Tengah|511.899|592.083|433.385|296.9|SMA
47|948|178|20314864|Kab. Blora|SMKN 2 BLORA|Jawa Tengah|511.884|593.898|450.04|344.5|SMK
48|949|141|20580038|Kota Batu|MAN KOTA BATU|Jawa Timur|511.811|610.293|412.885|364.3|MA
49|950|133|20102565|Kota Jakarta Selatan|SMAN 86 JAKARTA|DKI Jakarta|511.799|607.635|433.058|339.8|SMA
50|951|179|20308441|Kab. Boyolali|SMAN 1 TERAS|Jawa Tengah|511.794|594.135|431.065|346.1|SMA
51|952|142|20537011|Kab. Gresik|SMAN 1 KEBOMAS|Jawa Timur|511.771|616.773|393.993|379.|SMA
52|953|143|20538321|Kab. Nganjuk|SMAN 1 NGANJUK|Jawa Timur|511.765|634.04|427.835|348.8|SMA
53|954|176|20280140|Kab. Bogor|MAS DARUL MARHAMAH|Jawa Barat|511.728|587.765|430.11|422.8|MA
54|955|5|10102744|Kab. Aceh Selatan|SMAN UNGGUL TAPAKTUAN|Aceh|511.721|600.128|449.525|352.3|SMA
55|956|10|40306507|Kab. Toraja Utara|SMAS KRISTEN BARANA|Sulawesi Selatan|511.706|657.813|394.585|487.4|SMA
56|957|20|10401526|Kab. Indragiri Hulu|SMAN 1 RENGAT|Riau|511.62|621.7|431.513|438.2|SMA
57|958|134|20107589|Kota Jakarta Timur|SMAS GLOBAL ISLAMIC SCHOOL|DKI Jakarta|511.54|589.92|435.435|382.5|SMA
58|959|8|30105462|Kota Singkawang|SMAS SANTO IGNASIUS SINGKAWANG|Kalimantan Barat|511.502|616.783|420.443|475.|SMA
59|960|180|20364919|Kab. Banyumas|MAS WATHONIYAH ISLAMIYAH KEBARONGAN|Jawa Tengah|511.502|603.335|411.433|356.5|MA
60|961|78|20401129|Kab. Sleman|SMAN 1 NGAGLIK|DI Yogyakarta|511.438|573.983|454.788|263.8|SMA
61|962|135|20101499|Kota Jakarta Barat|SMKN 45 JAKARTA|DKI Jakarta|511.424|585.678|435.113|320.9|SMK
62|963|144|20532238|Kota Surabaya|SMAN 14 SURABAYA|Jawa Timur|511.367|600.358|425.08|331.2|SMA
63|964|177|20227827|Kab. Bandung|SMA TERPADU BAITURRAHMAN|Jawa Barat|511.31|605.77|436.6|338.1|SMA
64|965|10|10801972|Kab. Lampung Tengah|SMAS SUGAR GROUP B MATARAM|Lampung|511.307|627.755|428.26|430.5|SMA
65|966|5|50201391|Kab. Lombok Tengah|SMAN 1 PRAYA|Nusa Tenggara Barat|511.293|632.583|409.418|389.2|SMA
66|967|136|20102579|Kota Jakarta Selatan|SMKN 6 JAKARTA|DKI Jakarta|511.28|614.578|430.853|326.6|SMK
67|968|145|20525600|Kab. Banyuwangi|SMAN 2 GENTENG|Jawa Timur|511.254|595.483|408.715|375.1|SMA
68|969|178|20219233|Kota Bandung|SMAN 26 BANDUNG|Jawa Barat|511.228|620.418|422.07|411.9|SMA
69|970|137|20102215|Kota Jakarta Selatan|SMAN 32 JAKARTA|DKI Jakarta|511.222|634.315|413.548|348.|SMA
70|971|11|30300697|Kab. Tanah Laut|SMAN 1 PELAIHARI|Kalimantan Selatan|511.222|591.673|427.498|348.4|SMA
71|972|179|69857938|Kota Depok|SMAN 12 KOTA DEPOK|Jawa Barat|511.219|618.803|368.718|387.6|SMA
72|973|146|20537286|Kab. Tulungagung|SMKN 1 BOYOLANGU|Jawa Timur|511.218|618.44|418.45|373.8|SMK
73|974|181|20323503|Kab. Pekalongan|SMA NEGERI 1 WIRADESA|Jawa Tengah|511.194|607.5|396.715|427.1|SMA
74|975|138|69977033|Kota Jakarta Timur|SMA Islam Al Azhar 19|DKI Jakarta|511.135|603.47|427.203|442.7|SMA
75|976|182|20321835|Kab. Kendal|SMAN 1 SUKOREJO|Jawa Tengah|511.107|618.938|433.595|354.8|SMA
76|977|79|20400375|Kab. Bantul|SMA NEGERI 1 PLERET|DI Yogyakarta|511.081|591.375|444.258|273.6|SMA
77|978|180|69830492|Kota Bekasi|SMA SULTHON AULIA BOARDING SCHOOL|Jawa Barat|511.075|614.733|422.498|385.4|SMA
78|979|183|20339018|Kab. Pati|SMA NEGERI 1 JAKENAN|Jawa Tengah|511.031|637.838|439.213|366.9|SMA
79|980|184|20315660|Kab. Rembang|SMK NEGERI 1 REMBANG|Jawa Tengah|511.01|579.325|443.058|330.5|SMK
80|981|147|20554539|Kota Malang|SMAS BRAWIJAYA SMART SCHOOL|Jawa Timur|510.989|626.183|432.905|408.|SMA
81|982|148|20532211|Kota Surabaya|SMKN 5 SURABAYA|Jawa Timur|510.942|615.405|438.295|340.3|SMK
82|983|139|20103791|Kota Jakarta Timur|SMKN 10 JAKARTA|DKI Jakarta|510.922|610.568|444.038|344.4|SMK
83|984|185|20321974|Kab. Kendal|SMAN 1 BOJA|Jawa Tengah|510.873|608.013|414.56|348.9|SMA
84|985|186|20327971|Kota Surakarta|SMAN 6 SURAKARTA|Jawa Tengah|510.856|603.275|393.62|331.4|SMA
85|986|140|20103313|Kota Jakarta Timur|SMAN 50 JAKARTA|DKI Jakarta|510.856|583.073|428.385|313.1|SMA
86|987|11|40311889|Kota Makassar|SMAN 2 MAKASSAR|Sulawesi Selatan|510.826|626.8|413.2|428.2|SMA
87|988|149|20533610|Kota Malang|SMAS LABORATORIUM UM|Jawa Timur|510.71|614.638|416.518|354.9|SMA
88|989|80|20411874|Kab. Bantul|SMA ALI MAKSUM|DI Yogyakarta|510.666|586.083|416.52|389.8|SMA
89|990|187|20311332|Kab. Wonogiri|SMAN 1 WURYANTORO|Jawa Tengah|510.625|628.033|419.43|376.2|SMA
90|991|150|20527237|Kab. Pamekasan|SMAN 3 PAMEKASAN|Jawa Timur|510.62|632.448|412.173|431.7|SMA
91|992|21|10498808|Kota Pekanbaru|MAN 1 PEKANBARU|Riau|510.618|632.508|416.953|406.6|MA
92|993|141|20107305|Kota Jakarta Selatan|SMA ISLAM AL-AZHAR 2 JAKARTA|DKI Jakarta|510.589|616.92|427.798|362.6|SMA
93|994|12|30315148|Kab. Tapin|MAN 1 TAPIN|Kalimantan Selatan|510.575|586.553|426.458|459.8|MA
94|995|21|10210743|Kota Medan|SMAS KRISTEN KALAM KUDUS|Sumatera Utara|510.536|591.185|418.87|419.5|SMA
95|996|21|50105600|Kab. Jembrana|MAN 1 JEMBRANA|Bali|510.532|621.463|413.753|409.8|MA
96|997|151|20542523|Kab. Trenggalek|SMK NEGERI 1 POGALAN|Jawa Timur|510.524|631.823|437.518|336.6|SMK
97|998|181|20220337|Kota Bogor|SMAN 8 BOGOR|Jawa Barat|510.518|625.903|415.855|389.4|SMA
98|999|182|20238003|Kab. Bekasi|SMAS AL - MUSLIM|Jawa Barat|510.514|626.9|399.533|469.9|SMA
99|1000|52|20606846|Kota Tangerang|SMAN 4 TANGERANG|Banten|510.509|633.125|428.955|383.9|SMA
